PRDCT_NM,IFTKN_ATNT_MATR_CN,PRIMARY_FNCLTY,DAY_INTK_LOWLIMIT,DAY_INTK_HIGHLIMIT,INTK_UNIT,INTK_MEMO,SKLL_IX_IRDNT_RAWMTRL,CRET_DTM,LAST_UPDT_DTM
아라비아검(아카시아검),반드시 충분한 물과 함께 섭취할 것 (액상제외),배변활동 원활에 도움을 줄 수 있음,19.99,20.01,g,,아라비아검(아카시아검)식이섬유,20080922,20200820
베타카로틴,"(1) 흡연자는 섭취 시 전문가와 상담할 것
(2) 이상사례 발생 시 섭취를 중단하고 전문가와 상담할 것","(1) 어두운 곳에서 시각 적응을 위해 필요
(2) 피부와 점막을 형성하고 기능을 유지하는데 필요
(3) 상피세포의 성장과 발달에 필요",0.42,7,mg,식품원료를 사용하여 제조가공한 경우는 1.26mg 이상(상한섭취량 없음),,20080626,20210924
비오틴,(1) 이상사례 발생 시 섭취를 중단하고 전문가와 상담할 것,"(1) 지방, 탄수화물, 단백질 대사와 에너지 생성에 필요",0.009,0.9,mg,,,20080626,20210924
공액리놀레산,"(가) 영･유아, 임산부 및 수유부는 섭취를 피할 것
(나) 간 질환이 있는 사람은 섭취 전 전문가와 상담할 것
(다) 위장장애가 발생할 수 있음
(라) 식사조절, 운동을 병행하는 것이 체지방 감소에 효과적임
(마) 이상사례 발생 시 섭취를 중단하고 전문가와 상담할 것",(1) 과체중인 성인의 체지방 감소에 도움을 줄 수 있음,1.4,4.2,g,"(24.12.23.) 섭취시주의사항, 주된기능성 현행화 / '24 신뢰성 확보",공액리놀레산,20100112,20241223
가르시니아캄보지아 추출물,"(가) 어린이, 임산부 및 수유부는 섭취를 피할 것
(나) 간･신장･심장질환, 알레르기 및 천식이 있거나 의약품 복용 시 전문가와 상담할 것
(다) 남성의 경우 과다 섭취를 피할 것
(라) 이상사례 발생 시 섭취를 중단하고 전문가와 상담할 것",(1) 탄수화물이 지방으로 합성되는 것을 억제하여 체지방 감소에 도움을 줄 수 있음,750,1500,mg,"(24.12.23.) 섭취시주의사항, 일일섭취량 현행화 / '24 신뢰성 확보",총(-)-Hydroxycitric acid,20100224,20241223
대두이소플라본,"(1) 영유아, 어린이, 임산부와 수유부는 섭취에 주의
(2) 대두에 알레르기를 나타내는 사람은 섭취에 주의
(3) 에스트로겐 호르몬에 민감한 사람은 섭취에 주의",(1) 기능성 내용 : 뼈 건강에 도움을 줄 수 있음,24,27,mg,"(24.12.20.) 섭취시주의사항, 주된기능성 현행화 / '24 신뢰성 확보",대두이소플라본 비배당체,20110107,20241220
스쿠알렌,"(가) 어린이, 임산부 및 수유부는 섭취를 피할 것
(나) 이상사례 발생 시 섭취를 중단하고 전문가와 상담할 것",(1) 기능성 내용 : 항산화에 도움을 줄 수 있음,10,10,g,"(24.12.20.) 섭취시주의사항, 주된기능성 현행화 / '24 신뢰성 확보",스쿠알렌,20080626,20241220
은행잎 추출물,"(1) 어린이, 임산부 및 수유부는 섭취를 피할 것
(2) 수술 전후, 의약품(항응고제) 복용 시 전문가와 상담할 것
(3) 이상사례 발생 시 섭취를 중단하고 전문가와 상담할 것",(1) 기능성 내용 : 기억력 개선･혈행 개선에 도움을 줄 수 있음,28,36,mg,"(24.12.20.) 섭취시주의사항, 주된기능성 현행화 / '24 신뢰성 확보",플라보놀 배당체(flavonol glycoside),20130102,20260723
밀크씨슬(카르두스 마리아누스) 추출물,"(가) 어린이, 임산부 및 수유부는 섭취를 피할 것
(나) 알레르기 반응이 나타나는 경우에는 섭취 중단
(다) 설사, 위통, 복부팽만 등의 위장관계 장애가 나타나는 경우에는 섭취에 주의
(라) 이상사례 발생 시 섭취를 중단하고 전문가와 상담할 것",① 간 건강에 도움을 줄 수 있음,130,130,mg,"(24.12.20.) 일일섭취량, 섭취시주의사항 현행화 / '24 신뢰성 확보",실리마린,20130102,20241220
비타민 E,,항산화 작용을 하여 유해산소로부터 세포를 보호하는데 필요,3.3,400,mg α-TE,2021.7.11: 기능성 내용 변경,,20080626,20210715
비타민 K,"(1) 항응고제 등 복용 시 전문가와 상담할 것
(2) 이상사례 발생 시 섭취를 중단하고 전문가와 상담할 것","(1) 정상적인 혈액응고에 필요
(2) 뼈의 구성에 필요",0.021,1,mg,,,20080626,20210924
비타민 B1,(1) 이상사례 발생 시 섭취를 중단하고 전문가와 상담할 것,(1) 탄수화물과 에너지 대사에 필요,0.36,100,mg,,,20080626,20210924
비타민 B2,(1) 이상사례 발생 시 섭취를 중단하고 전문가와 상담할 것,(1) 체내 에너지 생성에 필요,0.42,40,mg,,,20080626,20210924
나이아신,,(1) 체내 에너지 생성에 필요,4.5,670,mg,"니코틴산 4.5～23 mg, 니코틴산아미드 4.5～670 mg",,20080626,20241219
판토텐산,(1) 이상사례 발생 시 섭취를 중단하고 전문가와 상담할 것,"(1) 지방, 탄수화물, 단백질 대사와 에너지 생성에 필요",1.5,200,mg,,,20080626,20241219
비타민 B6,"(1) 손발 따끔거림, 작열감 또는 저림 등의 이상사례 발생 시 섭취를 중단하고 전문가와 상담할 것","(1) 단백질 및 아미노산 이용에 필요
(2) 혈액의 호모시스테인 수준을 정상으로 유지하는데 필요",0.45,67,mg,,,20080626,20260723
엽산,,"(1) 세포와 혈액생성에 필요
(2) 태아 신경관의 정상 발달에 필요
(3) 혈액의 호모시스테인 수준을 정상으로 유지하는데 필요",120,400,μg,,,20080626,20241219
비타민 B12,(1) 이상사례 발생 시 섭취를 중단하고 전문가와 상담할 것,(1) 정상적인 엽산 대사에 필요,0.00072,2,mg,,,20080626,20210924
비타민 C,"(1) 과량 섭취하지 않도록 주의할 것
(2) 신장질환이 있는 경우 섭취 전 전문가와 상담할 것
(3) 이상사례 발생 시 섭취를 중단하고 전문가와 상담할 것","(1) 결합조직 형성과 기능유지에 필요
(2) 철의 흡수에 필요
(3) 항산화 작용을 하여 유해산소로부터 세포를 보호하는데 필요",30,1000,mg,21.7.11: 기능성 내용 변경 26.7.23 주의사항 변경,,20080626,20260723
칼슘,,"(1) 뼈와 치아 형성에 필요
(2) 신경과 근육 기능 유지에 필요
(3) 정상적인 혈액응고에 필요
(4) 골다공증발생 위험 감소에 도움을 줌",210,800,mg,,,20080626,20241219
마그네슘,,"(1) 에너지 이용에 필요
(2) 신경과 근육 기능 유지에 필요",94.5,250,mg,,,20080626,20241219
철,특히 6세 이하는 과량섭취하지 않도록 주의,"(1) 체내 산소운반과 혈액생성에 필요
(2) 에너지 생성에 필요",3.6,15,mg,,,20080626,20241219
차전자피식이섬유,"(1) 반드시 충분한 물과 함께 섭취할 것(액상제외)
(2) 이상사례 발생 시 섭취를 중단하고 전문가와 상담할 것",(1) 혈중 콜레스테롤 개선･배변활동 원활에 도움을 줄 수 있음,5,999999999,g,"혈중 콜레스테롤 개선에 도움을 줄 수 있음 : 차전자피 식이섬유로서 6.0 g 이상, 배변활동 원활에 도움을 줄 수 있음 : 차전자피 식이섬유로서 5.0 g 이상",식이섬유,20080626,20241223
알로에 겔,(1) 이상사례 발생 시 섭취를 중단하고 전문가와 상담할 것,(1) 피부건강·장 건강·면역력 증진에 도움을 줄 수 있음,110,420,mg,"(24.12.23.) 섭취시주의사항, 일일섭취량 현행화 / '24 신뢰성 확보",총 다당체,20080626,20241223
영지버섯 자실체 추출물,,혈행 개선에 도움을 줄 수 있음,24,42,mg,,베타글루칸,20080626,20260714
프락토올리고당,"(가) 섭취 시 가스참, 트림, 복통, 복부팽만감 등이 발생할 수 있음
(나) 이상사례 발생 시 섭취를 중단하고 전문가와 상담할 것",(1) 장내 유익균 증식 및 배변활동 원활에 도움을 줄 수 있음,3,8,g,,프락토올리고당,20080626,20241223
대두단백,(1) 대두단백에 알레르기를 나타내는 경우에는 섭취 주의,(1) 혈중 콜레스테롤 개선에 도움을 줄 수 있음,15,15,g,(24.12.23.) 일일섭취량 현행화 / '24 신뢰성 확보,조단백질,20080626,20241223
엽록소 함유 식물,(3) 섭취 시 주의사항 : 이상사례 발생 시 섭취를 중단하고 전문가와 상담할 것,"(1) 기능성 내용 : 피부건강･항산화에 도움을 줄 수 있음
(2) 일일섭취량 : 총엽록소로서 8~150 mg",8,150,mg,"(24.12.20.) 섭취시주의사항, 주된기능성 현행화 / '24 신뢰성 확보",총엽록소,20080922,20241220
스피루리나,(3) 섭취 시 주의사항 : 이상사례 발생 시 섭취를 중단하고 전문가와 상담할 것,(1) 기능성 내용 : 항산화･혈중 콜레스테롤 개선에 도움을 줄 수 있음,10,80,mg,"(24.12.20.) 섭취시주의사항, 주된기능성 현행화 / '24 신뢰성 확보",총엽록소,20080922,20241220
클로렐라,(3) 섭취 시 주의사항 : 이상사례 발생 시 섭취를 중단하고 전문가와 상담할 것,(1) 기능성 내용 : 피부건강･항산화･면역력 증진･혈중 콜레스테롤 개선에 도움을 줄 수 있음,8,150,mg,"(24.12.20.) 섭취시주의사항, 주된기능성 현행화 / '24 신뢰성 확보",총엽록소,20080922,20241220
"글루코만난(곤약, 곤약만난)",반드시 충분한 물과 함께 섭취할 것 (액상제외),혈중 콜레스테롤 개선·배변활동 원활에 도움을 줄 수 있음,2.7,17,g,,글루코만난식이섬유,20080922,20200820
마늘,,혈중 콜레스테롤 개선·혈압조절에 도움을 줄 수 있음,0.6,1,g,(24.12.23.) 일일섭취량 현행화 / '24 신뢰성 확보,알리인(Alliin),20151027,20241223
홍경천 추출물,,스트레스로 인한 피로 개선에 도움을 줄 수 있음,200,600,mg,,로사빈(Rosavin),20160105,20200820
마리골드꽃추출물,"(가) 영‧유아, 어린이, 임산부 및 수유부는 섭취를 피할 것
(나) 흡연자는 섭취 시 전문가와 상담할 것
(다) 과다 섭취 시 일시적으로 피부가 황색으로 변할 수 있음
(라) 이상사례 발생 시 섭취를 중단하고 전문가와 상담할 것",(1) 노화로 인해 감소될 수 있는 황반색소밀도를 유지하여 눈 건강에 도움을 줄 수 있음,10,20,mg,"(24.12.23.) 섭취시주의사항, 주된기능성 현행화 / '24 신뢰성 확보",루테인(Lutein),20180305,20241223
회화나무열매추출물,"(가) 어린이, 임산부, 수유부는 섭취에 주의
(나) 에스트로겐 호르몬에 민감한 사람은 섭취에 주의",(1) 갱년기 여성의 건강에 도움을 줄 수 있음,350,350,mg,(24.12.23.) 일일섭취량 현행화 / '24 신뢰성 확보,소포리코사이드(Sophoricoside),20190305,20241223
핑거루트추출분말(제2012-36호),,"(1) 자외선에 의한 피부손상으로부터 피부 건강을 유지하는데 도움을 줄 수 있음(생리활성기능 2등급)
(2) 체지방 감소에 도움을 줄 수 있음(생리활성기능 2등급)",600,600,mg/일,,Panduratin A,20191226,20210205
옻나무 추출분말(제2014-64호),,갱년기 남성의 건강에 도움을 줄 수 있음(생리활성기능 2등급),1,1,g,,Fustin,20191226,20201029
중쇄지방산(MCFA)함유 유지(제2014-6호),,이 제품은 중쇄지방산을 함유하고 있어 다른 식용유와 비교하였을 때 체지방 증가가 적을 수 있음 (생리활성기능 2등급),0,0,mg/g,,중쇄지방산(MCFA) 함유유지(기능성원료인정제2014-6호),20191226,20191226
보이차추출물(제2014-7호),"-카페인이 함유되어 있어 초조감, 불면 등을 나타낼 수 있음
-임산부, 수유여성, 어린이, 질병치료 중인 환자는 섭취에 주의","체지방 감소에 도움을 줄 수 있음, 혈중 콜레스테롤 개선에 도움을 줄 수 있음(생리활성기능 2등급)",1,1,g/일,보이차추출물(제2014-7호),Gallic acid,20191226,20201029
옥수수배아추출물(제2014-8호),"-영·유아, 임산부와 수유부는 섭취에 주의
-알레르기 체질이거나 특정질환이 있는 분은 섭취 전 의사와 상담",피부보습에 도움을 줄 수 있음(생리활성기능2등급),40,60,mg,,글루코실 세라마이드 (Glucosylceramide),20191226,20201029
올리브잎주정추출물(제2014-9호),"(1) 위, 간 및 신장 질환이 있거나 고혈압치료제 등 복용시 전문가와 상의할 것
(2) 이상사례 발생 시 섭취를 중단하고 전문가와 상담할 것","(국문) 혈압 조절에 도움을 줄 수 있음
(영문) May help to maintain healthy blood pressure",500,1000,mg/일,,Oleuropein,20191226,20210630
감태추출물(제2015-6호),"(1) 영‧유아, 어린이, 임산부 및 수유부는 섭취를 피할 것 
(2) 특정질환(알레르기 체질 등)이 있는 분은 섭취에 주의할 것
(3) 이상사례 발생 시 섭취를 중단하고 전문가와 상담할 것 
(4) 요오드 함량이 높은 식품(해조류, 어패류 등)과 섭취 시 주의할 것
(5) 갑상선질환, 위장관 장애(질환) 등을 보유하고 있는 사람은 섭취를 주의할 것","(국문) ․수면의 질 개선에 도움을 줄 수 있음
       ․스트레스로 인한 긴장완화에 도움을 줄 수 있음
(영문) ․May help to improve sleep quality
       ․May help to relaxation of tension by stress",500,500,mg/일,,디엑콜(Dieckol),20191226,20260730
L.plantarum IM76과 B.longum IM55 복합물(NVP1703)(제2019-28호),"-질환이 있거나 의약품 복용 시 전문가와 상담할 것
-특정 질환(알레르기 체질 등)이 있는 분은 섭취에 주의
-영·유아, 어린이, 임산부 및 수유부는 섭취에 주의
-어린이가 함부로 섭취하지 않도록 일일섭취량 방법을 지도할 것
-이상사례 발생 시 섭취를 중단하고 전문가와 상담할 것","(국문) 면역과민반응에 의한 코상태 개선에 도움을 줄 수 있음
(영문) May help to improve nasal condition caused by hypersensitivity reaction",10000000000,10000000000,CFU,,프로바이오틱스 수,20191226,20210630
까마귀쪽나무 열매 주정추출물(제2015-22호),,관절건강에 도움을 줄 수 있음(생리활성기능 2등급),200,200,mg,,Hamabiwalactone B,20191226,20201029
까마귀쪽나무 열매 주정추출물(제2015-23호),,관절건강에 도움을 줄 수 있음(생리활성기능 2등급),200,200,mg,,Hamabiwalactone B,20191226,20201029
석류추출물(제2015-28호),"-임산부와 수유부는 섭취를 피하는 것이 좋습니다.
-항혈전제를 복용하시는 분은 의사와 상의하시기 바랍니다.
-에스트로겐 호르몬에 민감한 사람은 섭취에 주의하시기 바랍니다.","(국문) 갱년기 여성의 건강에 도움을 줄 수 있음
(영문) May help to menopausal womens health",1.5,1.5,g,,Ellagic acid,20191226,20210630
포도씨 효소분해 추출 분말(제2013-9호),,혈압이 높은 사람에게 도움을 줄 수 있음(생리활성기능 2등급),150,300,mg,,총 폴리페놀(갈릭산으로서),20191226,20201029
이눌린/치커리추출물,"(가) 임산부 및 수유부는 섭취를 피할 것
(나) 반드시 충분한 물과 함께 섭취할 것(액상제외)
(나) 이상사례 발생 시 섭취를 중단하고 전문가와 상담할 것","(1) 혈중 콜레스테롤 개선, 식후 혈당상승 억제·배변활동 원활에 도움을 줄 수 있음",6.4,20,g,(24.12.23.) 섭취시주의사항 현행화 / '24 신뢰성 확보,이눌린/치커리추출물 식이섬유,20080922,20241223
비타민 A,,"(1) 어두운 곳에서 시각 적응을 위해 필요
(2) 피부와 점막을 형성하고 기능을 유지하는데 필요
(3) 상피세포의 성장과 발달에 필요",210,1000,μg RAE,,,20080626,20240102
비타민 D,"(가) 고칼슘혈증이 있거나 의약품 복용 시 전문가와 상담할 것
(나) 이상사례 발생 시 섭취를 중단하고 전문가와 상담할 것","(1) 칼슘과 인이 흡수되고 이용되는데 필요
(2) 뼈의 형성과 유지에 필요
(3) 골다공증발생 위험 감소에 도움을 줌",0.003,0.01,mg,일일섭취량 : 3~10 μg(120∼400 IU),,20080626,20241219
프로바이오틱스,"(가) 질환이 있거나 의약품 복용 시 전문가와 상담할 것
(나) 알레르기 체질 등은 개인에 따라 과민반응을 나타낼 수 있음
(다) 어린이가 함부로 섭취하지 않도록 일일섭취량 방법을 지도할 것
(라) 이상사례 발생 시 섭취를 중단하고 전문가와 상담할 것",유산균 증식 및 유해균 억제･배변활동 원활･장 건강에 도움을 줄 수 있음,100000000,10000000000,CFU,21.7.11: 기능성 내용 변경,생균,20080626,20210709
구아바잎 추출물,,ⓛ 식후 혈당상승 억제에 도움을 줄 수 있음,120,120,mg,(24.12.20.) 일일섭취량 현행화 / '24 신뢰성 확보,총 폴리페놀,20121228,20241220
홍국,"(1) 어린이, 임산부 및 수유부는 섭취를 피할 것
(2) 간 질환이 있거나, 고지혈증 치료제 복용 시 섭취를 피할 것
(3) 이상사례 발생 시 섭취를 중단하고 전문가와 상담할 것",(1) 혈중 콜레스테롤 개선에 도움을 줄 수 있음,4,8,mg,,총 모나콜린 K,20080626,20241223
달맞이꽃종자 추출물,,① 식후 혈당상승 억제에 도움을 줄 수 있음,4,8.4,mg,,PGG(Penta-O-galloyl beta-D-glucose),20130102,20241220
포스파티딜세린,"(1) 임산부 및 수유부는 섭취를 피할 것
(2) 이상사례 발생 시 섭취를 중단하고 전문가와 상담할 것",(1) 노화로 인해 저하된 인지력 개선·자외선에 의한 피부 손상으로부터 피부 건강 유지·피부보습에 도움을 줄 수 있음,300,300,mg,"(24.12.23.) 섭취시주의사항, 일일섭취량 현행화 / '24 신뢰성 확보",포스파티딜세린,20130102,20260723
테아닌,"(1) 임산부 및 수유부는 섭취를 피할 것
(2) 카페인 함유음료(커피, 홍차, 녹차 등)와의 병용 섭취에 주의할 것
(3) 수술전후 환자는 전문가와 상담할 것
(4) 이상사례 발생 시 섭취를 중단하고 전문가와 상담할 것",(1) 스트레스로 인한 긴장완화에 도움을 줄 수 있음,200,250,mg,,L-테아닌,20130102,20260723
"엠에스엠(MSM, Methyl sulfonylmethane, 디메틸설폰)","(가) 신장질환이 있는 사람은 섭취 전 전문가와 상담할 것
(나) 이상사례 발생 시 섭취를 중단하고 전문가와 상담할 것",(1) 관절 및 연골건강에 도움을 줄 수 있음,1.5,2,g,(24.12.23.) 섭취시주의사항 현행화 / '24 신뢰성 확보,엠에스엠(MSM),20130102,20241223
구아검/구아검가수분해물,"(1) 수유부는 섭취를 피할 것
(2) 반드시 충분한 물과 함께 섭취할 것(액상제외)
(3) 이상사례 발생 시 섭취를 중단하고 전문가와 상담할 것",(1) 혈중 콜레스테롤 개선·식후 혈당상승 억제·장내 유익균 증식·배변활동 원활에 도움을 줄 수 있음,5,11,g,건기공전 제2025-11호,구아검/구아검가수분해물 식이섬유,20080922,20260723
보리식이섬유,(1) 반드시 충분한 물과 함께 섭취할 것(액상제외),(1) 배변활동 원활에 도움을 줄 수 있음,20,20,g,(24.12.23.) 일일섭취량 현행화 / '24 신뢰성 확보,보리식이섬유,20080922,20241223
호로파종자식이섬유,(1) 반드시 충분한 물과 함께 섭취할 것 (액상제외),(1) 식후 혈당상승 억제에 도움을 줄 수 있음,12,50,g,,호로파종자식이섬유,20080922,20241223
키토산/키토올리고당,"(가) 어린이, 임산부 및 수유부는 섭취를 피할 것
(나) 게 또는 새우에 알레르기가 있는 사람은 섭취에 주의(게 또는 새우를 원재료로 사용한 경우에 한함)
(나) 이상사례 발생 시 섭취를 중단하고 전문가와 상담할 것",(1) 혈중 콜레스테롤 개선･체지방 감소에 도움을 줄 수 있음,1.2,4.5,g,"(가)혈중 콜레스테롤 개선에 도움을 줄 수 있음 : 키토산으로서 1.2~4.5 g      (나)체지방 감소에 도움을 줄 수 있음 : 키토산으로서 3.0~4.5 g, 키토올리고당으로서 3 g",키토산 또는 키토올리고당,20080922,20260723
포도종자추출물(제2008-42호),"① 위장장애가 발생할 수 있다.② 영유아, 임산부는 섭취를 삼가 해야 한다.③ 식사조절, 운동을 병행하는 것이 체지방 감소에 효과적이다.",인체의 항산화능 증진에 도움을 줄 수 있습니다.(기타기능 II),0,200,mg,,포도종자추출물(기능성원료인정제2008-42호),20191226,20191226
커피만노올리고당분말(제2009-15호),"① 어린이, 임산부, 수유기 여성은 섭취에 주의하십시오.② 과량 섭취 시 복부팽만감을 느낄 수 있습니다.","장내 유익균 증식, 유해균 억제, 배변활동에 도움을 줄 수 있음 (기타기능 II)",999.9,1000.1,mg,,커피만노올리고당분말(기능성원료인정제2009-15호),20191226,20191226
구아바잎추출물 등 복합물(BENDU381)(제2009-16호),,"과민반응에 의한 코 상태(코 가려움, 재채기, 콧물) 개선에 도움을 줄 수 있음(기타기능 II)",800,800,mg/일,,"Ellagic acid 함량(mg/g), EGCG 함량(mg/g), Gallic acid 함량(mg/g)",20191226,20210526
보이차 추출물(제2009-17호),"-카페인이 함유되어 있어 초조감, 불면 등을 나타낼 수 있음
-임산부, 수유 여성, 어린이, 알레르기성 질환보유자, 질병치료 중인 환자는 섭취에 주의",혈중 콜레스테롤 개선에 도움을 줄 수 있습니다.(기타기능 II),1,1,g,,Gallic acid,20191226,20201029
Nopal 추출물(제2009-39호),"-어린이, 임산부 및 수유여성은 섭취에 주의",식후 혈당조절에 도움을 줄 수 있습니다(기타기능II),4.3,4.3,g,,수용성식이섬유,20191226,20201029
Green Mate Extract EFLA® 920(제2008-52호),"-어린이, 임산부 및 수유부는 섭취를 피할 것
-질환이 있거나 의약품 복용시 전문가와 상담할 것
-카페인을 함유한 식품의 섭취에 주의할 것
-이상사례 발생 시 섭취를 중단하고 전문가와 상담할 것","(국문) 체지방 감소에 도움을 줄 수 있습니다(생리활성기능 2등급)
(영문) May help to reduce body fat",3,3,g,,Chlorogenic acid (36 ∼ 60mg/g),20191226,20201029
콜레우스 포스콜리 추출물 Forslean(제2009-47호),"-항응고제 또는 혈압조절제를 복용하시거나 혈압이 낮으신 분은 섭취에 주의
-임산부, 수유여성, 어린이는 섭취에 주의",체지방 감소에 도움을 줄 수 있습니다(기타기능II),500,500,mg,,포스콜린(forskolin),20191226,20201029
리프리놀-초록입홍합추출오일(제2009-49호),"1) 임신부 및 수유부는 섭취를 피할 것
2) 간질환이 있거나 혈전용해제 등 복용 시 전문가와 상담할 것
3) 알레르기 체질 등은 개인에 따라 과민반응을 나타낼 수 있음
4) 이상사례 발생 시 섭취를 중단하고 전문가와 상담할 것","(국문) 관절 건강에 도움을 줄 수 있음
(영문) May help to maintain healthy joint",200,200,mg,,"docosahexanoic acid(DHA), eicosapentaenoic(EPA), docosapentaenoic(DPA), α-linolenic acid",20191226,20210630
HK 나토배양물(제2009-50호),"-알레르기 체질이신 분은 원재료를 확인하신 후 섭취하십시오
-임산부와 수유기 여성은 섭취를 피하는 것이 좋습니다
-과다 섭취 시 혈액응고가 저해되어 출혈 위험이 증가될 수 있습니다
-항혈전 관련 약품(항응고제, 항혈소판제제)을 섭취하는 사람은 의사와 상담 후 섭취하여야 합니다
-수술 전과 후에는 섭취를 피해야 합니다","혈액의 흐름을 방해할 수 있는 혈소판응집을 억제하여, 혈액흐름을 원활히 하는데 도움을 줄 수 있음.(기타 II)",133,133,mg,,피브린용해효소활성(U/g),20191226,20201029
"비즈왁스알코올(Bees Wax Alcohol, BWA)(제2010-1호)","어린이, 임산부 및 수유부는 섭취 시 주의","(국문) 
① 항산화에 도움을 줄 수 있음(생리활성기능 2등급)
② 위점막을 보호하여 위건강에 도움을 줄 수 있음(생리활성기능 2등급)
③ 관절 건강에 도움을 줄 수 있음(생리활성기능 2등급)
(영문)
① May help protect body from oxidative stress
②  May help stomach health through improving gastric mucosa
③ May help to maintain healthy joint",50,100,mg,,"1-tetracosanol(C24), 1-hexacosanol(C26), 1-octacosanol(C28), 1-triacotanol(C30), 1-dotriacotanol(C32), 1-tetratriacontanol(C34)",20191226,20201029
백수오 등 복합추출물(제2010-20호),"-임산부 및 수유부는 섭취를 피할 것
-항응고제, 항혈전제 등 복용 시 전문가와 상담할 것
-알레르기 체질 등은 개인에 따라 과민반응을 나타낼 수 있음
-이상사례 발생 시 섭취를 중단하고 전문가와 상담할 것","(국문) 갱년기 여성 건강에 도움을 줄 수 있음
(영문) May help to menopausal womens health",514,514,mg/일,,"Cinnamic acid, Shanzhiside methylester, Nodakenin",20191226,20201029
발효생성아미노산 복합물(제2010-21호),"-신장, 심혈관계 질환이 있거나 간기능이 저하된 분은 의사와 상담 후 섭취하십시오
-임산부, 수유부는 의사와 상담 후 섭취하십시오",지구성 운동 시 피로개선에 도움을 줄 수 있음(기타기능Ⅱ),4.7,5,g,,"L-로이신(Leucine), L-이소로이신 (Isoleucine), L-발린(Valine)",20191226,20201029
석류추출물(제2010-23호),① 임산부와 수유부는 섭취를 피하는 것이 좋습니다.② 항혈전제를 복용하시는 분은 의사와 상의하시기 바랍니다.③ 에스트로겐 호르몬에 민감한 사람은 섭취에 주의하시기 바랍니다.,갱년기 여성의 건강에 도움을 줄 수 있음(기타Ⅱ),6,6,g,,석류추출물(기능성원료인정제2010-23호),20191226,20191226
콩․보리 발효복합물(제2015-10호),"-영-유아, 어린이, 임산부 및 수유부는 섭취에 주의
-알레르기 체질이거나 특정질환이 있는 분은 섭취 전 의사와 상담
-에스트로겐 호르몬에 민감한 사람은 섭취에 주의",피부 보습에 도움을 줄 수 있음 (생리활성기능 2등급),3,3,g,,"총 이소플라본(Daidzein 및 Genistein의 합), 베타글루칸",20191226,20201029
폴리코사놀-사탕수수왁스알코올(제2006-4호),"(1) 임산부, 수유부, 청소년 및 어린이는 섭취를 피할 것 (2) 심혈관약 등 복용, 혈액응고장애가 있거나 수술예정인 사람은 전문가와 상담할 것 (3) 이상사례 발생 시 섭취를 중단하고 전문가와 상담할 것","(국문) 혈중 콜레스테롤 수치 개선에 도움을 줄 수 있음, 혈압조절에 도움을 줄 수 있음 (영문) May help to improve blood cholesterol level, May help to regulate blood pressure",5,20,mg/일,,지방족 알코올,20191226,20220120
식물스타놀에스테르(제2006-11호),①식물 스타놀 에스테르는 지용성 비타민의 흡수를 저해할 수 있습니다.,높은 혈중 콜레스테롤 수치개선에 도움,3399.9,3400.1,mg,,식물스타놀에스테르(기능성원료인정제2006-11호),20191226,20191226
씨제이 히비스커스 등 복합추출물(제2004-7호),"-어린이, 임산부 및 수유부는 섭취를 피할 것
-이상사례 발생시 섭취를 중단하고 전문가와 상담할 것",(국문) 체지방 감소에 도움을 줄 수 있음 (영문) May help to reduce body fat,2079,2079,mg,,"키토산/키토올리고당, (+)-allo-hydroxy citric acid lactone, L-carnitine",20191226,20201029
초록입홍합추출오일복합물(제2004-8호),(1) 임산부 및 수유부는 섭취를 피할 것 (2) 간 질환이 있거나 혈전용해제 등 복용 시 전문가와 상담할 것 (3) 알레르기 체질 등은 개인에 따라 과민반응을 나타낼 수 있음 (4) 이상사례 발생 시 섭취를 중단하고 전문가와 상담할 것,(국문) 관절건강에 도움을 줄 수 있음 (영문) May help to maintain healthy joint,620,620,mg,,"에이코사펜타엔산, 도코사헥사엔산, 도코사펜 타엔산, 알파리놀렌산",20191226,20220120
L-카르니틴 타르트레이트(제2012-19호),"(1) 영·유아, 어린이, 임산부 및 수유부는 섭취에 주의
(2) 특정질환(알레르기 체질 등)이 있는 분은 섭취에 주의
(3) 이상사례 발생 시 섭취를 중단하고 전문가와 상담할 것","(국문) 체지방 감소에 도움을 줄 수 있음
         운동으로 인한 피로 개선에 도움을 줄 수 있음 
(영문) May help to reduce body fat
         May help to reduce fatigue during endurance exercise",2,2,g,,L-카르니틴,20191226,20220829
Collactive 콜라겐펩타이드(제2012-24호),임산부와 수유부는 섭취에 주의하시기 바랍니다.,"(국문) 피부 보습에 도움을 줄 수 있음
(영문) May help to moisturize skin",2,2,g,,Gly-Pro-Hyp,20191226,20210908
청국장균배양정제물(폴리감마글루탐산칼륨)(제2012-25호),"어린이, 임신 또는 수유중인 여성은 섭취에 주의",면역기능 증진에 도움을 줄 수 있음(생리활성기능 2등급),1000,1000,mg,,폴리감마글루탐산칼륨,20191226,20201029
씨폴리놀 감태주정추출물(제2012-28호),"-요오드 함량이 높은 식품(해조류, 어패류 등) 섭취 시 주의
-갑상선질환 등을 보유하고 있는 사람은 섭취 시 주의
-임산부, 수유부 및 12세 이하 어린이는 섭취 시 주의","1) 혈중 콜레스테롤 개선에 도움을 줄 수 있음 (생리활성기능 2등급)
2) 식후혈당 상승 억제에 도움을 줄 수 있음",72,360,mg,,Dieckol,20191226,20201029
솔잎 증류 농축액(제2012-30호),"(1) 기관지 천식, 해소 기침이나 기도에 심한 염증이 있는 사람은 섭취에 주의",(국문) 건강한 혈당의 유지에 도움을 줄 수 있음(생리활성기능2등급),1350,1350,mg,,"3-carene, limonene, terpinolene",20191226,20220120
아쉬아간다 추출물(제2012-33호),"임산부, 수유부, 어린이는 섭취에 주의",스트레스로 인한 긴장 완화에 도움을 줄 수 있음 (생리활성기능 2등급),125,180,mg,,Withaferin A,20191226,20201029
콜레우스 포스콜리 추출물(제2012-5호),"임산부, 수유여성, 어린이는 섭취에 주의",체지방 감소에 도움을 줄 수 있음 (생리활성기능 2등급),500,500,mg,,포스콜린,20191226,20201029
PMO 참밀알부민(New제2007-23호),소맥알레르기 체질인 사람은 섭취에 주의하여야 합니다,PMO 참밀알부민은 급격한 식후 혈당상승을 억제하는데 도움을 줄 수 있습니다 (기타기능II),1.2,1.5,g,,0.19-알부민,20191226,20201029
쏘팔메토 열매 추출물 등 복합물(제2008-79호),"-메스꺼움이나 설사 등 소화계통의 불편함을 유발 할 수 있음
-어린이, 임산부, 수유기 여성은 섭취에 주의할 것","(국문) 전립선 건강의 유지에 도움을 줄 수 있습니다 
(영문) May help to maintain healthy prostate",705,705,mg,,"Lauric acid (mg/g), β-sitosterol (mg/g)",20191226,20201029
다래추출물(제2009-18호),임산부 및 수유기 여성은 섭취 전 의사와 상담하여야 함,"(국문) 면역 과민반응 개선에 도움을 줄 수 있음
(영문) May help to reduce hypersensitivity reactions",2,2,g,,Extract of Actinidia arguta,20191226,20201029
L-글루타민산 유래 GABA 함유 분말(제2009-1호),"① 임산부와 수유기 여성, 어린이는 섭취에 주의하시기 바람",혈압이 높은 사람에게 도움을 줄 수 있습니다. (기타기능Ⅱ),19.9,20.1,mg,,L-글루타민산 유래 GABA 함유 분말(기능성원료인정제2009-1호),20191226,20191226
중쇄지방산(MCFA) 함유 유지(제2009-20호),,이 제품은 중쇄지방산을 함유하고 있어 다른 식용유와 비교하였을 때 체지방 증가가 적을 수 있음(기타기능II),0,0,mg/g,,중쇄지방산함유유지(기능성원료인정제2009-20호),20191226,20191226
CJ식물성유지 디글리세라이드(DG)(제2009-21호),,이 제품은 디글리세라이드(Diacylglyceride)를 함유하고 있어 다른 식용유와 비교했을 때 식후 혈중 중성지방과 체지방 증가가 적을 수 있음(기타기능 II),0,99999,mg,,Diacylglyceride,20191226,20201029
카제인가수분해물(제2009-22호),,혈압이 높은 사람에게 도움을 줄 수 있습니다(기타기능 II),1.8,3.6,mg,,카제인가수분해물(기능성원료인정제2009-22호),20191226,20191226
호프추출물(제2009-25호),"-어린이, 임산부 및 수유여성은 섭취에 주의
-호프추출물에 알레르기 반응을 나타내는 분은 섭취에 주의
-항우울제 또는 호르몬제를 복용하시는 분은 섭취에 주의",관절 건강에 도움을 줄 수 있습니다(기타기능II),1,2,g,,alpha acids와 iso-alpha acids,20191226,20201029
Nopal추출물(제2010-10호),"어린이, 임산부 및 수유여성은 섭취에 주의",식후 혈당조절에 도움을 줄 수 있습니다 (기타기능II),4200,4400,mg,,Nopal추출물(기능성원료인정제2010-10호),20191226,20191226
헛개나무과병추출분말(제2008-55호),"(1) 임산부 및 수유부는 섭취를 피할 것
(2) 간 질환이 있는 경우 전문가와 상담할 것
(3) 이상사례 발생 시 섭취를 중단하고 전문가와 상담할 것","(국문) 
-알콜성 손상으로부터 간을 보호하는데 도움을 줄 수 있음
-운동능력 향상에 도움을 줄 수 있음
-스트레스로 인한 피로개선에 도움을 줄 수 있음
(영문) 
-May help to liver health on alcoholic liver damage
-May help to improvement of exercise ability
-May help to improvement of fatigue due to stress",2460,2460,mg,,Quercetin,20191226,20210630
지아잔틴 추출물(제2008-65호),"-임산부는 섭취 전 의사와 상담이 필요합니다
-과다 섭취 시 일시적으로 피부가 황색으로 변할 수 있습니다","(국문) 노화로 인해 감소될 수 있는 황반색소밀도를 유지하여 눈건강에 도움을 줄 수 있음
(영문) May help the eye health by maintaining the density of macular pigments which can be decreased by aging",10,20,mg,,지아잔틴(Zeaxanthin),20191226,20201029
루테인/지아잔틴 복합추출물(제2008-66호),"-임산부는 섭취 전 의사와 상담이 필요합니다
-과다 섭취 시 일시적으로 피부가 황색으로 변할 수 있습니다","(국문) 노화로 인해 감소될 수 있는 황반색소밀도를 유지하여 눈건강에 도움을 줄 수 있음
(영문) May help the eye health by maintaining the density of macular pigments which can be decreased by aging",10,20,mg,,"루테인(Lutein) , 지아잔틴(Zeaxanthin)",20191226,20201029
표고버섯균사체 AHCC(제2008-78호),,면역기능 증진에 도움을 줄 수 있음(생리활성기능 2등급),1.8,3.6,g,,α - glucan,20191226,20201029
이소말토올리고당(제2005-10호),① 과량으로 섭취 시에는 설사를 유발할 수 있습니다.,"장내 유익균의 증식과 유해균의 억제에 도움을 줄 수 있습니다, 배변활동을 원활히 하는데 도움을 줄 수 있습니다.",8,12,g,,이소말토올리고당(기능성원료인정제2005-10호),20191226,20191226
이소말토올리고당(제2005-11호),① 과량으로 섭취 시에는 설사를 유발할 수 있습니다.,"장내 유익균의 증식과 유해균의 억제에 도움을 줄 수 있습니다, 배변활동을 원활히 하는데 도움을 줄 수 있습니다.",8,12,g,,이소말토올리고당(기능성원료인정제2005-11호),20191226,20191226
대두올리고당(제2005-20호),① 과량으로 섭취 시에는 설사를 유발할 수 있습니다.,"장내 유익균의 증식과 유해균의 억제에 도움을 줄 수 있습니다, 배변활동을 원활히 하는데 도움을 줄 수 있습니다.",2,3,g,,대두올리고당(기능성원료인정제2005-20호),20191226,20191226
타가토스(제2011-37호),과량 섭취 시 위장장애가 발생할 수 있음,식후 혈당조절에 도움을 줄 수 있음(기타기능Ⅱ),5,7.5,g,,D-tagatose,20191226,20201029
당귀등추출복합물(제2011-3호),항응고제와 병용 시 주의,"(국문) 노인의 기억력 개선에 도움을 줄 수 있음 (생리활성기능 2등급)
(영문) May help to improve abilities to remember",800,800,mg,,"데쿠르신(Decursin), 사우치논(Sauchinone), 쉬잔드린(Schizandrin)",20191226,20201029
발효생성아미노산 복합물(제2011-40호),"-신장, 심혈관계 질환이 있거나 간기능이 저하된 분은 섭취에 주의 
-임산부, 수유부는 섭취에 주의","(국문) 지구성 운동 시 피로개선에 도움을 줄 수 있음 (생리활성기능 2등급)
(영문) May help to relieve fatigue recovery",4.7,5,g,,"L-이소로이신(Isoleucine), L-로이신(Leucine), L-발린(Valine)",20191226,20201029
밀전분유래 난소화성말토덱스트린(제2011-6호),"과량 섭취 시 설사, 복부팽만 등을 유발할 수 있으므로 주의",장내 유익균의 증식과 유해균의 억제에 도움을 줄 수 있음(기타기능II),8,20,g,,식이섬유,20191226,20201029
마카 젤라틴화 분말(제2011-7호),,정자 운동성 개선에 도움을 줄 수 있음(생리활성기능 2등급),5,5,g/일,,벤질헥사데칸아미드(n-benzyl-hexadecanamide),20191226,20210412
스페인감초추출물(제2014-4호),"-영・유아, 어린이, 임산부 및 수유부는 섭취에 주의
-특정 질환(알레르기 체질 등)이 있는 분은 섭취에 주의
-이상사례 발생 시 섭취를 중단하고 전문가와 상담할 것","(국문) 위 점막 내 헬리코박터균(Helicobacter pylori) 증식을 억제하고 위 점막을 보호하여 위 건강에 도움을 줄 수 있음
(영문) May help to stomach health by protecting gastric mucosa and inhibiting proliferation of Helicobacter pylori in gastric mucosa.",150,150,mg/일,,Glabridin,20191226,20210630
가시오갈피 등 복합추출물(제2013-25호),"-임산부 및 수유부 여성은 섭취에 주의
-알레르기 및 특이체질, 질병치료 중인 사람은 섭취에 주의",관절 건강에 도움을 줄 수 있음(생리활성기능 2등급),1.5,1.5,g,,"엘레우테로사이드 E (Eleutheroside E), 리구스틸라이드 (Ligustilide), 바이칼린 (Baicalin)",20191226,20201029
로즈힙분말(제2014-17호),"-알레르기 반응을 보이는 사람의 경우 섭취전 성분 확인 필요함
-임산부, 수유부, 어린이의 섭취는 전문의와 상담 후 섭취를 권장함","(국문) 관절 및 연골건강에 도움을 줄 수 있음
(영문) May help to maintain healthy joint and cartilage",5,5,g,,Hyperoside,20191226,20201029
호박씨추출물 등 복합물(제2011-15호),"-영유아, 어린이, 임산부와 수유부는 섭취에 주의
-호박씨, 대두에 알레르기를 나타내는 사람은 섭취에 주의
-에스트로겐 호르몬에 민감한 사람은 섭취에 주의+R-45",방광의 배뇨기능 개선에 도움을 줄 수 있음(생리활성기능 2등급),600,1000,mg,,"Polyphenol derivatives(피로갈롤: pyrogallol), 대두이소플라본 배당체(다이드진, 제니스틴, 글리시틴)의 합",20191226,20201029
유산균발효다시마추출물(제2011-22호),"-요오드 함량이 높은 식품(해조류, 어패류 등) 섭취 시 주의
-갑상선질환 등을 보유하고 있는 사람은 섭취 시 주의
-임산부 및 수유부는 섭취 시 주의","(국문)
 · 알콜성 손상으로부터 간을 보호하는데 도움을 줄 수 있음
 · 기억력 개선에 도움을 줄 수 있음
(영문)
 · May help to protect liver from alcoholic liver injury
 · May help to improve memory",1.5,1.5,g,,감마아미노부티르산(γ-aminobutyric acid),20191226,20201029
유산균 발효 다시마추출물(제2011-23호),"-요오드 함량이 높은 식품(해조류, 어패류 등) 섭취 시 주의
-갑상선질환 등을 보유하고 있는 사람은 섭취 시 주의
-임산부 및 수유부는 섭취 시 주의","(국문) 알콜성 손상으로부터 간을 보호하는데 도움을 줄 수 있음(기타기능Ⅱ)
(영문)  May help to maintain liver protection from alcohol-induced damage",1.5,1.5,g,,감마아미노부티르산 (γ-aminobutyric acid),20191226,20201029
헛개나무과병추출분말(제2014-1호),"(1) 임산부 및 수유부는 섭취를 피할 것
(2) 간 질환이 있거나 의약품 복용 시 전문가와 상담할 것
(3) 이상사례 발생 시 섭취를 중단하고 전문가와 상담할 것","(국문) 알콜성 손상으로부터 간을 보호하는데 도움을 줄 수 있음
(영문) May help to liver health on alcoholic liver damage",2460,2460,mg,,Quercetin,20191226,20210630
석류농축액(제2014-22호),"(1) 어린이, 임산부와 수유부는 섭취를 피하는 것이 좋습니다. (2) 에스트로겐 호르몬에 민감한 사람은 섭취에 주의하시기 바랍니다.","(국문)
- 갱년기 여성의 건강에 도움을 줄 수 있음
- 피부보습에 도움을 줄 수 있음
- 자외선에 의한 피부 손상으로부터 피부건강을 유지하는데 도움을 줄 수 있음
(영문)
- May help to menopausal women`s health
- May help to maintain skin moisturizing
- May help to maintain skin health from skindamage by UV radiation",13.3,13.3,g,,엘라그산(Ellagic acid),20191226,20211119
보스웰리아 추출물(Boswellia serrata R. extract)(제2014-23호),임산부 및 수유부는 섭취 시 주의,"(국문) 관절 및 연골건강에 도움을 줄 수 있음
(영문) May help to maintain healthy joint and cartilage",1000,1000,mg,,3-Acetyl-11-keto-β-boswellic acid(AKBA)와 11-keto-β-boswellic acid(KBA)의 합,20191226,20201029
카카오분말(제2014-25호),"-제안된 일일섭취량 이상 과량 섭취하지 않도록 주의 
-임산부와 수유부, 카페인에 민감한 사람의 경우 섭취에 주의 
-특정 질병이 있는 경우 섭취 전에 의사와 상담",혈관이완을 통한 혈행개선에 도움을 줄 수 있음(생리활성기능 2등급),2.8,2.8,g,,총 플라바놀(total flavanols),20191226,20201029
헛개나무과병추출분말(제2016-10호),"-임산부 및 수유부는 섭취를 피할 것
-간 질환이 있는 경우 전문가와 상담할 것
-이상사례 발생 시 섭취를 중단하고 전문가와 상담할 것","(국문) 알콜성 손상으로부터 간을 보호하는데 도움을 줄 수 있음
(영문) May help to liver health on alcoholic liver damage",2460,2460,mg,,Quercetin,20191226,20201029
글로빈 가수분해물(제2011-21호),"-임산부와 수유부는 섭취 시 주의
-높은 혈당 및 당뇨환자는 섭취 시 주의",식후 혈중 중성지방 개선에 도움을 줄 수 있음(기타기능Ⅱ),1,1,g,,VVYP(Val-Val-Tyr-Pro),20191226,20201029
콜레우스 포스콜리 추출물(제2011-42호),"임산부, 수유여성, 어린이는 섭취에 주의",체지방 감소에 도움을 줄 수 있음 (생리활성기능 2등급),500,500,mg,,포스콜린,20191226,20201029
HK표고버섯균사체(제2010-35호),"임산부, 수유부는 섭취에 주의",간건강에 도움을 줄 수 있음(기타기능II),350,350,mg,,베타글루칸,20191226,20201029
쌀겨추출물(제2009-66호),임산부와 수유기 여성은 섭취를 피하는 것이 좋습니다,피부보습에 도움을 줄 수 있음(기타기능II),10,34,mg,,글루코실 세라마이드 (Glucosylceramide),20191226,20201029
동결건조누에분말(제2009-67호),당뇨병의 치료 및 예방에 사용될 수 없으므로 당뇨병 치료가 필요한 경우에는 의사와 상담 하에 사용하여야 합니다.,"(국문) 혈당조절에 도움을 줄 수 있음
(영문) May help to maintain healthy blood glucose level",2.7,2.7,g,,1-deoxynojirimycin,20191226,20210630
복분자추출분말(제2010-62호),,간 건강에 도움을 줄 수 있음(기타기능Ⅱ),3150,3150,mg,,엘라그산(ellagic acid),20191226,20201029
저분자콜라겐펩타이드(제2013-30호),"-영·유아, 어린이, 임산부, 수유부는 섭취에 주의","(국문) ① 피부 보습에 도움을 줄 수 있음
         ② 자외선에 의한 피부손상으로부터 피부 건강을 유지하는데 도움을 줄 수 있음
(영문) ① May help to maintain skin moisturizing
          ② May help to maintain skin health from skin damage by UV radiation",1000,3000,mg/일,"섭취량 변경 1,000>1,000~3,000",Gly-Pro-Hyp,20191226,20210630
MR-10 민들레등복합추출물(제2013-31호),,갱년기 남성의 건강에 도움을 줄 수 있음 (생리활성기능 2등급),400,400,mg,,"Luteolin(민들레), Isoorientin(루이보스)",20191226,20201029
전칠삼추출물 등 복합물(제2013-32호),,"(국문) 관절 건강에 도움을 줄 수 있음
(영문) May help to maintain healthy joint",800,800,mg,,"진세노사이드 Rb1(Ginsenoside Rb1), 스타키오스(Stachyose), 엘레우테로사이드 E(Eleutheroside E)",20191226,20201029
효모베타글루칸(제2013-34호),,면역기능 증진에 도움을 줄 수 있음(생리활성기능 2등급),250,250,mg,,베타글루칸,20191226,20201029
"피엘에이지(PLAG, 1-palmitoyl-2-linoleoyl-3-acetyl-rac-glycerol)(제2013-35호)","(1) 장기간(6개월 이상) 섭취 시 주의 (2) 어린이, 임산부, 수유부 및 가임여성은 섭취를 삼가 (3) 위장장애가 발생할 수 있으므로 주의",인터루킨 4 감소를 통한 면역조절에 도움을 줄 수 있음 (생리활성기능 2등급),1,1,g,제2013-35호,1-palmitoyl-2-linoleoyl-3-acetyl-rac-glycerol,20191226,20211119
카제인 가수분해물(제2010-6호),,혈압이 높은 사람에게 도움을 줄 수 있습니다.(기타기능 II),1.8,3.6,mg,,VPP(Val-Pro-Pro) 및 IPP(Ile-Pro-Pro),20191226,20201029
핑거루트추출분말(판두라틴)(제2013-5호),,"(국문)
(1) 자외선에 의한 피부손상으로부터 피부 건강을 유지하는데 도움을 줄 수 있음
(2) 체지방 감소에 도움을 줄 수 있음
(3) 피부보습에 도움을 줄 수 있음
(영문)
(1) May help to maintain skin health from skin damage by UV radiation
(2) May help to reduce body fat
(3) May help to maintain skin moisturizing",600,600,mg,,Panduratin A,20191226,20250516
돌외잎주정추출분말(액티포닌®)(제2013-8호),"(1) 영유아, 어린이 임산부 및 수유부는 섭취에 주의할 것 
(2) 특정질환(알레르기 체질 등)이 있는 분은 섭취에 주의할 것
(3) 이상 사례 발생 시 섭취를 중단하고 전문가와 상담할 것
(4) 일일섭취량 이상 섭취 시 위장장애(구토와 위장운동 증가)가 발생할 수 있음.","(국문) 체지방 감소에 도움을 줄 수 있음 
(영문) May help reduce body fat",450,450,mg/일,,Damulin A,20191226,20260401
Enterococcus faecalis 가열처리건조분말(제2008-31호),,꽃가루에 의해 나타나는 코막힘의 개선에 도움,999.9,1000.1,mg,,Enterococcus faecalis 가열처리건조분말(기능성원료인정제2008-31호),20191226,20191226
"홍삼, 사상자, 산수유 복합추출물(제2008-67호)","-홍삼, 사상자, 산수유에 특이한 이상반응을 나타내는 사람은 섭취에 주의
-임산부 및 수유기 여성은 섭취에 주의",햇볕 또는 자외선에 의한 피부손상으로부터 피부건강을 유지하는데 도움을 줄 수 있습니다(기타기능II),3,3,g,,"Rb1, Rg3, Torilin, Loganin",20191226,20201029
구기자추출물(제2014-51호),"영유아 및 임산부, 수유부는 의사와 상담 후 섭취",기억력 개선에 도움을 줄 수 있음 (생리활성기능 2등급),1425,1425,mg,,Betaine,20191226,20201029
발효식초석류복합물(제2014-57호),"-임산부와 수유부는 섭취에 주의 
-공복에 섭취하거나 과다 섭취 시 속쓰림 등 위에 자극을 느낄 수 있음",체지방 감소에 도움을 줄 수 있음(생리활성기능 2등급),22,22,ml,,"초산(Acetic acid), 엘라직산(Ellagic acid)",20191226,20201029
Lactobacillus gasseri BNR17(제2014-5호),산성도가 낮은 음료나 뜨거운 물과 함께 복용하는 것을 피하는 것이 좋음,체지방 감소에 도움을 줄 수 있음(생리활성기능 2등급),10000000000,10000000000,CFU,,유산균(Lactobacillus gasseri BNR17),20191226,20210316
나토균배양분말(제2012-7호),"-대두에 알레르기를 나타내는 사람은 섭취에 주의
-임산부․수유부 섭취에 주의
-의약품(혈액항응고제) 복용시 섭취에 주의
- 수술 전․후 섭취에 주의","(국문) 
-혈압이 높은 사람에게 도움을 줄 수 있음
-혈소판 응집억제를 통한 혈행개선에 도움을 줄 수 있음
(영문) 
-May help to improve high blood pressure 
-May help to improve blood circulation through inhibition of platelet aggregation",100,100,mg,,피브린용해효소활성,20191226,20210630
마리골드 추출물(루테인 에스테르)(제2012-22호),-과다 섭취시 일시적으로 피부가 황색으로 변할 수 있음,"(국문) 노화로 인해 감소될 수 있는 황반색소밀도를 유지하여 눈 건강에 도움을 줄 수 있음
(영문) May help the eye health by maintaining the density of macular pigments which can be decreased by aging",18.5,20,mg/일,,루테인 에스테르(루테인),20191226,20210526
콩발효추출물(제2012-31호),"-대두에 알레르기를 나타내는 사람은 섭취 시 주의
-임산부, 수유부 및 어린이는 섭취 시 주의",식후 혈당상승 억제에 도움을 줄 수 있음(생리활성기능 2등급),900,900,mg,,"α-Glucosidase 활성 억제능(IC50), Tris(2-Amino-2-(hydroxymethyl)-1,3-propanediol)",20191226,20201029
콩발효추출물(제2012-32호),"-대두에 알레르기를 나타내는 사람은 섭취 시 주의
-임산부, 수유부 및 어린이는 섭취 시 주의",식후 혈당상승 억제에 도움을 줄 수 있음(생리활성기능 2등급),900,900,mg,,"α-Glucosidase 활성 억제능(IC50), Tris(2-Amino-2-(hydroxymethyl)-1,3-propanediol)",20191226,20201029
CMO 함유 FAC(Fatty Acid Complex)(제2014-26호),임산부 및 수유부는 섭취 시 주의,"(국문) 관절 건강에 도움을 줄 수 있음
(영문) May help to maintain healthy joint and cartilage",893,893,mg,,CMO(Cetyl Myristoleate),20191226,20201029
UREX 프로바이오틱스(제2014-27호),"* 유산균의 정성적 품질관리를 위해 식약처에 제시하신 방법으로 주기적으로 관리하여야 함. 또한 식약처 요청 시 시험방법 및 결과를 제출하여야 함
* [완제품 제조업체]
 - 제조국 : 이탈리아, - 제조회사명 : BIOFARMA S.R.L, - 소재지 : VIA CASTELLIERE, 2-33036 MERETO DI TOMBA (UD)
※「건강기능식품의 기준 및 규격」개정고시에 따른 프로바이오틱스 명칭 변경 사항의 시행일은 2024년 1월 1일임. 다만, 시행일 이전에 변경내용을 업체가 적용하고자 하는 경우 그 이전에도 적용할 수 있음","(국문) 질내 유익균 증식 및 유해균 억제에 도움을 줄 수 있음
(영문) May help to proliferate vaginal beneficial flora and to suppress pathogenic bacteria",1000000000,1000000000,CFU/일,기능성원료인정서(2014-27호),프로바이오틱스 수,20191226,20241028
도라지추출물(제2013-26호),"-임산부, 수유부 섭취에 주의
-알레르기 체질이거나 특정질환이 있는 분은 의사와 상담 후 섭취",간 건강에 도움을 줄 수 있음(생리활성기능 2등급),3,3,g,,Platycodin D,20191226,20201029
무화과페이스트(제2014-29호),"-무화과에 알레르기를 나타내는 사람은 섭취에 주의
-과다 섭취 시 일시적인 복부팽만감을 느낄 수 있음",배변활동 원활에 도움을 줄 수 있음(생리활성기능 2등급),300,300,g,,식이섬유,20191226,20201029
적포도발효농축액(제2014-30호),"유아, 어린이, 임산부 등 철의 필요량이 증가하는 연령층은 섭취에 주의",콜레스테롤 개선에 도움을 줄 수 있음 (생리활성기능 2등급),24,24,ml,,"총 폴리페놀, 카테킨",20191226,20201029
액상 다래추출물(제2009-58호),임산부와 수유부는 섭취에 주의,"(국문) 면역 과민반응 개선에 도움을 줄 수 있음
(영문) May help to reduce hypersensitivity reactions",2,2.5,g,,"퀸산(Quinic acid), 구연산(Citric acid)",20191226,20201029
인삼가수분해 농축액(제2011-27호),"-의약품(당뇨치료제, 혈액항응고제) 복용 시 섭취에 주의","(국문) 혈당 조절에 도움을 줄 수 있음
(영문) May help to maintain healthy blood glucose level",960,960,mg,,진세노사이드 Rg1,20191226,20210630
그린커피빈추출물(제2014-31호),"-임산부와 수유기 여성, 유아, 어린이는 섭취에 주의
-카페인이 함유되어 있어 초조감, 불면 등을 나타낼 수 있음","(국문) 체지방 감소에 도움을 줄 수 있음
(영문) May help to reduce body fat",400,400,mg,,Chlorogenic acid,20191226,20201029
식물스타놀 에스테르(제2014-32호),식물스타놀 에스테르는 지용성 비타민의 흡수를 저해할 수 있습니다,높은 혈중 콜레스테롤 수치 개선에 도움을 줄 수 있음(생리활성기능 2등급),2.5,3.4,g,,식물스타놀 에스테르,20191226,20201029
민들레 등 추출복합물(제2012-12호),,피부보습에 도움을 줄 수 있음(생리활성기능 2등급),750,750,mg/day,,"루테오린(Luteolin), 카테킨(Catechin), 피시온(Physcion)",20191226,20200519
MS-10 엉겅퀴등복합추출물(제2020-6호),"-임산부 및 수유부는 섭취를 피할 것
-알레르기를 나타내는 사람은 섭취 시 주의
-이상사례 발생 시 섭취를 중단하고 전문가와 상담할 것
-에스트로겐 호르몬에 민감한 사람은 섭취에 주의
-항우울제 또는 호르몬제를 복용하는 사람은 섭취에 주의","(국문) 갱년기 여성건강에 도움을 줄 수 있음
(영문) May help to menopausal womens health",300,300,mg/일,MS-10 엉겅퀴등복합추출물(제2020-6호),"엉겅퀴 : Chlorogenic acid, 타임 : Rosmarinic acid",20200707,20201029
해국추출물(제2020-11호),"-영·유아, 어린이, 임산부 및 수유부는 섭취에 주의
-특정질환(알레르기 체질 등)이 있는 분은 섭취에 주의
-이상사례 발생 시 섭취를 중단하고 전문가와 상담할 것","- (국문) 체지방 감소에 도움을 줄 수 있음
   (영문) May help to reduce body fat",700,700,mg/일,해국추출물(제2020-11호),클로로겐산(chlorogenic acid),20200825,20200825
홍국쌀(제2009-19호),,콜레스테롤 개선,4,8,mg,,총모나콜린K,20201029,20201029
헤모힘 당귀등 혼합추출물(제2006-17호),"1) 어린이, 임산부 및 수유부는 섭취를 피할 것
2) 월경불순이나 출혈성 질환이 있는 여성의 경우 전문가와 상담할 것
3) 항응고제 복용시 전문가와 상담할 것
4) 알레르기 체질 등은 개인에 따라 과민반응을 나타낼 수 있음
5) 이상사례 발생시 섭취를 중단하고 전문가와 상담할 것","(국문) 면역기능 개선에 도움을 줄 수 있음
(영문) May help to improve immune function",20,40,g/일,,"nodakenin, paeoniflorin, chlorogenic acid",20201029,20210630
쇠비름주정추출분말(KDC16-2)(제2019-18호),"-영·유아, 어린이, 임산부 및 수유부는 섭취에 주의
-특정질환(알레르기 체질 등)이 있는 분은 섭취에 주의
-이상사례 발생 시 섭취를 중단하고 전문가와 상담할 것","(국문) 배변활동 원활에 도움을 줄 수 있음
(영문) May help to improve bowel movements",480,480,mg/일,,리놀렌산(Linolenic acid),20201029,20201029
차조기등복합추출물(New제2007-13호),,,2400,2400,mg,,,20201029,20201029
토치대두발효추출물(제2008-18호),,"(국문) 콩발효추출물은 발효시킨 콩을 추출한 것으로 당의 흡수를 억제하여 식후혈당을 건강하게 유지하는데 도움을 줄 수 있는 식품입니다.
(영문) May help to maintain healthy blood glucose level",900,900,mg/일,,"α-Glucosidase 활성 억제능(IC50), Tris(2-Amino-2-(hydroxymethyl)-1,3-propanediol)",20201029,20201029
APIC 대두배아열수추출물 등 복합물(제2008-6호),"(1) 어린이, 임산부 및 수유부는 섭취를 피할 것 (2) 알레르기성 비염, 천식, 우유, 대두알레르기반응을 나타내는 사람은 섭취에 주의 (3) 에스트로겐 호르몬에 민감한 사람은 섭취에 주의 (4) 이상사례 발생 시 섭취를 중단하고 전문가와 상담할 것",(국문) 체지방의 감소에 도움을 줄 수 있음 (영문) May help to reduce body fat,700,700,mg,,"Daidzin, Glycitin, Genistin 함량의 총 합, L-carnitine",20201029,20211125
프로바이오틱스(드시모네)(제2009-28호),,"- 유익한 유산균 증식, 유해균 억제, 배변활동 원활
- 장 면역을 조절하여 장 건강에 도움을 줄 수 있음",100000000,3000000000000,,,"Streptococcus thermophillus DSM24731, Lactobacillus acidophillus DSM24735, Lactobacillus delbrueckii ssp bulgaricus DSM24734, Lactobacillus paracasei DSM24733, Lactobacillus plantarum DSM24730, Bifidobacterium longum DSM24736, Bifidobacterium infantis DSM24737, Bifidobacterium breve DSM24732",20201029,20201029
밀 추출물(Ceratiq®)(제2020-15호),"-영·유아, 어린이, 임산부 및 수유부는 섭취에 주의
-밀 알레르기를 나타내는 사람은 섭취에 주의
-특정질환(알레르기 체질 등)이 있는 분은 섭취에 주의
-이상사례 발생 시 섭취를 중단하고 전문가와 상담할 것","- (국문) 피부보습에 도움을 줄 수 있음
  (영문) May help to maintain skin moisturizing",350,350,mg/일,밀 추출물(CeratiqⓇ),글루코실세라마이드(Glucosylceramide),20210305,20210305
실크단백질 산가수분해물(Sil-Q1)(제2021-1호),"-영·유아, 어린이, 임산부 및 수유부는 섭취에 주의
-특정질환(알레르기 체질 등)이 있는 분은 섭취에 주의
-이상사례 발생 시 섭취를 중단하고 전문가와 상담할 것
-간, 신장 기능 이상자는 섭취에 주의","- (국문) 면역기능 증진에 도움을 줄 수 있음
   (영문) May help to improve immune function",7.5,7.5,g/일,,"세린(Serine), 글리신(Glycine)",20210315,20210315
복분자 추출물(RE-20)(제2021-2호),"-영·유아, 어린이, 임산부 및 수유부는 섭취에 주의
-특정질환(알레르기 체질 등)이 있는 분은 섭취에 주의
-이상사례 발생 시 섭취를 중단하고 전문가와 상담할 것","(국문) 혈중 콜레스테롤 개선에 도움을 줄 수 있음
(영문) May help to improve blood cholesterol",600,600,mg/일,복분자 추출물(RE-20)(제2021-2호),Ellagic acid,20210527,20210527
보스웰리아추출물등 복합물(Flexir)(제2021-9호),"-영·유아, 어린이, 임산부 및 수유부는 섭취에 주의
-특정질환(알레르기 체질 등)이 있는 분은 섭취에 주의
-이상사례 발생 시 섭취를 중단하고 전문가와 상담할 것
-질환이 있거나 의약품 복용 시 전문가와 상담할 것
-제안된 섭취량 이상 섭취 시 소화불량, 위장장애, 메스꺼움, 위산 역류 등이 있을 수 있음","(국문) 관절 및 연골 건강에 도움을 줄 수 있음
(영문) May help to maintain healthy joint and cartilage",200,400,mg,보스웰리아추출물등 복합물(Flexir),"AKBA(3-O-Acetyl-11-Keto-β-Boswellic Acid), Total curcuminoids(Bisdemethoxycurcumin, Demethoxycurcumin, Curcumin 3종의 합), Gallic acid",20210913,20210913
,,,100,1000,g,,,20211009,20211009
루바브뿌리추출물(제2021-17호),"(1) 영·유아, 어린이, 임산부 및 수유부는 섭취에 주의 (2) 에스트로겐 호르몬에 민감한 사람은 섭취에 주의 (3) 메스꺼움 등 소화계통의 불편함과 설사를 유발할 수 있음 (4) 알레르기 체질이거나 특정질환이 있는 사람은 섭취 전 전문가와 상담할 것 (5) 이상사례 발생 시 섭취를 중단하고 전문가와 상담할 것",(국문) 갱년기 여성 건강에 도움을 줄 수 있음 (영문) May help to maintain female health in menopause,4,4,mg,제2021-17호,라폰티신,20211217,20220210
꾸지뽕잎추출물(제2021-16호),"(1) 영·유아, 어린이, 임산부 및 수유부는 섭취에 주의 (2) 특정질환(알레르기 체질 등)이 있는 분은 섭취에 주의 (3) 이상사례 발생 시 섭취를 중단하고 전문가와 상담할 것",(국문) 위 불편감 개선에 도움을 줄 수 있음 (영문) May help to reduce stomach discomfort,100,100,mg,제2021-16호,루틴,20220121,20220121
저분자콜라겐펩타이드SH(제2022-5호),"(1) 영‧유아, 어린이, 임산부 및 수유부는 섭취에 주의할 것 (2) 특정질환(알레르기 체질 등)이 있는 분은 섭취에 주의할 것 (3) 이상사례 발생 시 섭취를 중단하고 전문가와 상담할 것",(국문) 피부 보습에 도움을 줄 수 있음 (영문) May help to moisturize (dry) skin,2,2,g,제2022-5호,Val-Gly-Pro-Hyp-Gly-Pro-Ala-Gly,20220209,20220210
사삼추출물(제2022-7호),"(1) 영‧유아, 어린이, 임산부 및 수유부는 섭취에 주의할 것 (2) 특정질환(알레르기 체질 등)이 있는 분은 섭취에 주의 (3) 이상사례 발생 시 섭취를 중단하고 전문가와 상담할 것 (4) 식사조절, 운동을 병행하는 것이 체지방 감소에 효과적임",(국문) 체지방 감소에 도움을 줄 수 있음 (영문) May help to reduce body fat,750,750,mg,제2022-7호,"리놀레산(Linoleic acid), 베타시토스테롤(β-Sitosterol)",20220221,20220221
타히보 추출물 (TabetriⓇ)(제2022-2호),"(1) 영‧유아, 어린이, 임산부 및 수유부는 섭취에 주의할 것 (2)특정질환(알레르기 체질 등)이 있는 분은 섭취에 주의할 것 (3) 이상사례 발생 시 섭취를 중단하고 전문가와 상담할 것 (4) 항응고제 또는 면역억제제를 복용하는 분은 섭취에 주의할 것",(국문) 관절 및 연골 건강 개선에 도움을 줄 수 있음 (영문) May help to maintain healthy joint and cartilage,600,600,mg,제2022-2호,베라트릭산(Veratric acid),20220325,20220325
유산균복합물(AB-LIFE®)(제2022-15호),"(1) 질환이 있거나 의약품 복용 시 전문가와 상담할 것 (2) 특정질환(알레르기 체질, 단장증후군 등)이 있는 분은 섭취에 주의할 것 (3) 영·유아, 어린이, 임산부 및 수유부는 섭취에 주의할 것 (4) 어린이가 함부로 섭취하지 않도록 일일섭취량 방법을 지도할 것 (5) 이상사례 발생 시 섭취를 중단하고 전문가와 상담할 것 (6) 과다섭취에 주의할 것",(국문) 혈중 콜레스테롤 개선에 도움을 줄 수 있음 (영문) May help to reduce blood cholesterol levels,1200000000,1200000000,CFU,제2022-15호,프로바이오틱스 수,20220413,20220413
L-글루탐산발효 가바분말(제2022-19호),"(1) 영유아, 임산부, 수유부 및 특정 질환자는 섭취에 주의할 것 (2) 이상사례 발생 시 섭취를 중단하고 전문가와 상담할 것 (3) 특정질환(알레르기 체질 등)이 있는 분은 섭취에 주의 (4) 의약품(혈압약, 항우울제 등) 복용 시 섭취에 주의할 것",(국문) 수면의 질 개선에 도움을 줄 수 있음 (영문) May help to improve sleep quality,375,375,mg,제2022-19호,γ-aminobutyric acid(GABA),20220503,20220503
보스웰리아추출물(SERRATRIN)(제2022-17호),"(1) 영·유아, 어린이, 임산부 및 수유부는 섭취에 주의
(2) 특정질환(알레르기 체질 등)이 있는 분은 섭취에 주의
(3) 이상사례 발생 시 섭취를 중단하고 전문가와 상담할 것","(국문) 관절 및 연골 건강에 도움을 줄 수 있음
(영문) May help to maintain joint and cartilage health",400,400,mg/일,건강기능식품 기능성 원료 인정,보스웰리아추출물(SERRATRIN),20220704,20220704
루테인지아잔틴추출복합물(제2022-29호),"(1) 영‧유아, 어린이, 임산부 및 수유부는 섭취에 주의할 것
(2) 과다 섭취 시 일시적으로 피부가 황색으로 변할 수 있음
(3) 이상사례 발생 시 섭취를 중단하고 전문가와 상담할 것
(4) 흡연자는 섭취 시 전문가와 상담할 것","(국문) 노화로 인해 감소될 수 있는 황반색소밀도를 유지하여 눈 건강에 도움을 줄 수 있음
(영문) May support eye health by maintaining the density of macular pigments which can be affected by aging",12,12,mg/일,제2022-29호,"루테인(Lutein), 총지아잔틴(Total Zeaxanthin)",20220926,20220926
청호추출분말(리베라템)(제2021-19호),"(1) 영·유아, 어린이, 임산부 및 수유부는 섭취를 삼가
(2) 특정질환(알레르기 체질 등)이 있는 분은 섭취에 주의
(3) 이상사례 발생 시 섭취를 중단하고 전문가와 상담할 것","(국문) 간 건강에 도움을 줄 수 있음
(영문) May help to protect liver",686,686,mg/일,제2021-19호,Scopoletin,20221028,20221028
Weissella cibaria JW15 프로바이오틱스(제2022-35호),"(1) 질환이 있거나 의약품 복용 시 전문가와 상담할 것
(2) 특정질환(알레르기 체질, 단장증후군, 유당불내증 등)이 있는 분은 섭취에 주의할 것
(3) 영·유아, 어린이, 임산부 및 수유부는 섭취에 주의할 것
(4) 어린이가 함부로 섭취하지 않도록 일일섭취량 방법을 지도할 것
(5) 이상사례 발생 시 섭취를 중단하고 전문가와 상담할 것
※ 유산균의 정성적 품질관리를 위해 원 균주(전장유전체 정보 등)를 주기적으로 관리하여야 하며, 식약처 요청 시 관련자료를 제출하여야 함","(국문) 면역 기능에 도움을 줄 수 있음
(영문) May help immune function",100000000000,100000000000,CFU/일,제2022-35호,프로바이오틱스 수,20221201,20221201
루테인지아잔틴추출복합물(제2021-21호),"(1) 영‧유아, 어린이, 임산부 및 수유부는 섭취에 주의
(2) 과다 섭취 시 일시적으로 피부가 황색으로 변할 수 있음
(3) 이상사례 발생 시 섭취를 중단하고 전문가와 상담할 것
(4) 흡연자는 섭취 시 전문가와 상담할 것","(국문) 노화로 인해 감소될 수 있는 황반색소밀도를 유지하여 눈 건강에 도움을 줄 수 있음
(영문) May support eye health by maintaining the density of macular pigments which can be affected by aging",12,12,mg/일,제2021-21호,"루테인(Lutein), 총지아잔틴(Total Zeaxanthin)",20221229,20230102
비수리추출분말(제2022-40호),"(1) 성인 남성만 섭취할 것
(2) 특정질환(알레르기 체질 등)이 있는 분은 섭취에 주의
(3) 이상사례 발생 시 섭취를 중단하고 전문가와 상담할 것","(국문) 갱년기 남성건강에 도움을 줄 수 있음
(영문) May help to maintain male health in menopause",1250,1250,mg/일,제2022-40호,D-피니톨(D-pinitol),20230109,20230109
천심련추출물(ParActinⓇ)(제2022-37호),"(1) 영·유아, 어린이, 청소년, 임산부 및 수유부, 임신을 계획하고 있는 자는 섭취하지 말 것
(2) 특정질환(알레르기 체질 등)이 있는 분은 섭취에 주의
(3) 이상사례 발생 시 섭취를 중단하고 전문가와 상담할 것
(4) 의약품을 복용하시는 분은 섭취 전 전문의와 상담할 것","(국문) 관절 건강에 도움을 줄 수 있음
(영문) May help to maintain healthy joint",300,300,mg/일,,안드로그라폴라이드(Andrographolide),20230206,20230206
콜레우스포스콜리 추출물,"(1) 어린이, 임산부 및 수유부는 섭취를 피할 것
(2) 항응고제 또는 혈압조절제를 복용하거나 혈압이 낮은 경우 전문가와 상담할 것
(3) 이상사례 발생 시 섭취를 중단하고 전문가와 상담할 것",(1) 체지방 감소에 도움을 줄 수 있음,50,50,mg,,콜레우스 포스콜리(Coleus forskohlii)의 뿌리,20230217,20241223
Bacillus coagulans Unique IS-2 프로바이오틱스(제2022-45호),"(1) 질환이 있거나 의약품 복용 시 전문가와 상담할 것
(2) 특정질환(알레르기 체질, 단장증후군 등)이 있는 분은 섭취에 주의
(3) 영·유아, 임산부 및 수유부는 섭취에 주의
(4) 어린이가 함부로 섭취하지 않도록 일일 섭취량 방법을 지도할 것
(5) 이상사례 발생 시 섭취를 중단하고 전문가와 상담할 것","(국문) 배변활동 원활에 도움을 줄 수 있음
(영문) May help to improve bowel movements",2000000000,2000000000,CFU/일,제2022-45호,프로바이오틱스 수,20230224,20230224
현삼추출물(제2022-42호),"(1) 영·유아, 어린이, 임산부 및 수유부는 섭취에 주의할 것
(2) 특정질환(알레르기 체질 등)이 있는 분은 섭취에 주의할 것
(3) 이상사례 발생 시 섭취를 중단하고 전문가와 상담할 것
(4) 천연물 소재의 추출물 섭취 시 있을 수 있는 경미한 소화불량이 있을 수 있음","(국문) 기억력 개선에 도움을 줄 수 있음
(영문) May help to improve memory",300,300,mg/일,제2022-42호,앤고로사이드 C(Angoroside C),20230427,20230427
해국추출물(제2022-36호),"(1) 영·유아, 어린이, 임산부 및 수유부는 섭취에 주의
(2) 특정질환(알레르기 체질 등)이 있는 분은 섭취에 주의
(3) 이상사례 발생 시 섭취를 중단하고 전문가와 상담할 것","(국문) 체지방 감소에 도움을 줄 수 있음
(영문) May help to reduce body fat",700,700,mg/일,제2022-36호,클로로겐산(chlorogenic acid),20230517,20230517
에키네시아추출물(제2023-1호),"(1) 영‧유아, 어린이, 임산부, 및 수유부는 섭취 시 전문가와 상담할 것
(2) 특정질환(알레르기 체질 등)이 있는 분은 섭취 시 주의할 것 
(3) 이상사례 발생 시 섭취를 중단하고 전문가와 상담할 것
(4) 8주 이상 연속으로 섭취하지 말 것
(5) 결핵, 백혈병, 교원증, 다발성 경화증, AIDS, HIV 감염 및 자가면역 장애가 있는 경우 섭취를 금지할 것
(6) 면역억제제를 복용할 경우 섭취 전 전문가와 상담할 것","(국문) 면역기능 증진에 도움을 줄 수 있음
(영문) May help to improve immune function",200,200,mg/일,,"Chicoric acid, 총 폴리페놀",20230612,20230612
참당귀·녹용·황기 복합추출물(제2023-23호),"(1) 영‧유아, 어린이, 임산부 및 수유부는 섭취를 피할 것
(2) 특정질환(알레르기 체질 등)이 있는 분은 섭취에 주의할 것
(3) 이상사례 발생 시 섭취를 중단하고 전문가와 상담할 것
(4) 소화불량, 속쓰림 등이 나타날 수 있음
(4) 혈액응고방지제 또는 혈당강하제를 복용하는 분은 섭취에 주의할 것","(국문) 피로개선에 도움을 줄 수 있음 
(영문) May help to reduce fatigue",500,500,mg/일,제2023-23호,"노다케닌(Nodakenin), 하이포잔틴(Hypoxanthine), 칼리코신-7-글루코시드(Calycosin-7-glucoside)",20230803,20260813
Lactiplantibacillus plantarum TWK10 프로바이오틱스(제2022-32호),"(1) 이상사례 발생 시 섭취를 중단하고 전문가와 상담할 것
(2) 영·유아, 어린이, 임산부 및 수유부는 섭취에 주의
(3) 특정질환(알레르기 체질, 단장증후군 등)이 있는 분은 섭취에 주의
(4) 질환이 있거나 의약품 복용 시 전문가와 상담할 것
(5) 어린이가 함부로 섭취하지 않도록 일일 섭취량 방법을 지도할 것","(국문) 운동수행능력 향상에 도움을 줄 수 있음
(영문) May help to improve endurance of exercise performance capability",10000000000,10000000000,CFU/일,제2022-32호,프로바이오틱스 수,20230828,20230828
저분자 피쉬 콜라겐 펩타이드 (Naticol® BPMG)(제2023-25호),"(1) 영‧유아, 어린이, 임산부 및 수유부는 섭취를 피할 것
(2) 특정질환(알레르기 체질 등)이 있는 분은 섭취에 주의할 것
(3) 이상사례 발생 시 섭취를 중단하고 전문가와 상담할 것","(국문) ① 피부 보습에 도움을 줄 수 있음
          ② 자외선에 의한 피부 손상으로부터 피부 건강을 유지하는데 도움을 줄 수 있음
 (영문) ① May help to moisturize (dry) skin
           ② May help to maintain good skin health by protecting against damage from UV exposure",1.5,1.5,g/일,제2023-25호,Gly-Ala-Val-Gly-Pro-Ala,20230919,20230919
EPA 및 DHA 함유 유지,"(가) 의약품(항응고제, 항혈소판제, 혈압강하제 등) 복용 시 전문가와 상담할 것
(나) 개인에 따라 피부 관련 이상반응이 발생할 수 있음
(다) 이상사례 발생 시 섭취를 중단하고 전문가와 상담할 것",(1) 기능성 내용 : 혈중 중성지질 개선･혈행 개선･기억력 개선･건조한 눈을 개선하여 눈 건강에 도움을 줄 수 있음,0.5,2.24,g,건강기능식품의 기준 및 규격 2-16,EPA와 DHA,20080626,20241108
와사비잎추출물(NCWL01)(제2023-18호),"(1) 영·유아, 어린이, 임산부 및 수유부는 섭취를 피할것
(2) 특정질환(알레르기 체질 등)이 있는 분은 섭취에 주의할 것
(3) 이상사례 발생 시 섭취를 중단하고 전문가와 상담할 것","(국문) 체지방 감소에 도움을 줄 수 있음
(영문) May help to reduce body fat",250,250,mg,2023-18,이소비텍신(Isovitexin),20231026,20231026
저분자콜라겐펩타이드(제2023-33호),"(1) 영‧유아, 어린이, 임산부 및 수유부는 섭취를 피할 것
(2) 특정질환(알레르기 체질 등)이 있는 분은 섭취에 주의할 것
(3) 이상사례 발생 시 섭취를 중단하고 전문가와 상담할 것","(국문) ① 피부 보습에 도움을 줄 수 있음
          ② 자외선에 의한 피부 손상으로부터 피부 건강을 유지하는데 도움을 줄 수 있음
(영문) ① May help to maintain skin moisturizing
          ② May help to maintain skin health from skin damage by UV radiation",2,2,g/일,제2023-33호,Gly-Pro-Val-Gly-Pro-Ser,20231117,20231117
유청단백지질추출물(제2023-30호),"(1) 임산부 및 수유부는 섭취를 피할 것
(2) 특정질환(알레르기 체질 등)이 있는 분은 섭취에 주의할 것
(3) 이상사례 발생 시 섭취를 중단하고 전문가와 상담할 것","(국문) ① 피부 보습에 도움을 줄 수 있음
          ② 자외선에 의한 피부 손상으로부터 피부 건강을 유지하는데 도움을 줄 수 있음
(영문) ① May help to moisturize (dry) skin
         ② May help to maintain good skin health by protecting against damage from UV exposure",600,600,mg/일,제2023-30호,Sphingomyelin,20240105,20240105
Lactiplantibacillus plantarum C29 프로바이오틱스와 발효대두분말의 복합물(DW2009)(제2022-43호),"(1) 영·유아, 어린이, 임산부 및 수유부는 섭취에 주의할 것
(2) 특정질환(알레르기 체질, 단장증후군 등)이 있는 분은 섭취에 주의할 것
(3) 이상사례 발생 시 섭취를 중단하고 전문가와 상담할 것
(4) 질환이 있거나 의약품 복용 시 전문가와 상담할 것
(5) 어린이가 함부로 섭취하지 않도록 일일섭취량 방법을 지도할 것","(국문) 노화로 저하된 인지기능 개선에 도움을 줄 수 있음
(영문) May help to improve cognitive function affected by aging",800,800,mg/일,제2022-43호,"프로바이오틱스 수, 소야사포닌Ⅰ(SoyasaponinⅠ)",20240312,20240312
저분자유청단백가수분해물(제2023-21호),"(1) 영·유아, 어린이, 임산부 및 수유부는 섭취를 피할 것 
(2) 특정질환(우유 및 유제품에 대한 알레르기 체질 등)이 있는 분은 섭취에 주의
(3) 이상사례 발생 시 섭취를 중단하고 전문가와 상담할 것","(국문) 근력개선에 도움을 줄 수 있음
(영문) May help to improve muscle strength",6,6,g/일,제2023-21호,Leu-Asp-Ile-Gln-Lys,20240429,20240429
백편두추출분말(NOVAponinⓇ)(제2024-6호),"(1) 임산부 및 수유부는 섭취를 피할 것
(2) 특정질환(알레르기 체질 등)이 있는 분은 섭취에 주의할 것
(3) 이상사례 발생 시 섭취를 중단하고 전문가와 상담할 것","(국문) 위 점막을 보호하여 위 건강에 도움을 줄 수 있음
(영문) May help to maintain healthy stomach by protecting gastric mucosa",715,715,mg/일,제2024-6호,치쿠세츠사포닌 IVa(Chikusetsusaponin IVa),20240604,20240604
루바브뿌리추출물(ERr731Ⓡ)(제2024-17호),"(1) 영·유아, 어린이, 임산부 및 수유부는 섭취를 피할 것
(2) 에스트로겐 호르몬에 민감한 사람은 섭취에 주의할 것
(3) 메스꺼움 등 소화계통의 불편함과 설사를 유발할 수 있음
(4) 알레르기 체질이거나 특정 질환이 있는 사람은 섭취 전 전문가와 상담할 것
(5) 이상사례 발생 시 섭취를 중단하고 전문가와 상담할 것","(국문) 갱년기 여성 건강에 도움을 줄 수 있음
(영문) May help to maintain female health in menopause",4,4,mg/일,제2024-17호,라폰티신(Rhaponticin),20240725,20240725
돈태반 발효추출물(제2019-31호),"-영·유아, 어린이, 임산부 및 수유부는 섭취에 주의
-특정 질환(알레르기 체질 등)이 있는 분은 섭취에 주의
-이상사례 발생 시 섭취를 중단하고 전문가와 상담할 것","(국문) 피로 개선에 도움을 줄 수 있음
(영문) May help to improve fatigue",320,320,mg/일,,"L-Leucine, L-Lysine, L-Leucylglycine",20200217,20201029
배초향 추출물(Agatri)(제2020-4호),"-영·유아, 어린이, 임산부 및 수유부는 섭취에 주의
-특정질환(알레르기 체질 등)이 있는 분은 섭취에 주의
-이상사례 발생 시 섭취를 중단하고 전문가와 상담할 것","(국문)
-피부보습에 도움을 줄 수 있음
-자외선에 의한 피부손상으로부터 피부건강을 유지하는데 도움을 줄 수 있음
(영문)
-May help to maintain skin moisturizing
-May help to maintain skin health from skin damage by UV radiation",1,1,g/일,배초향 추출물(Agatri)(제2020-4호),틸리아닌(Tilianin),20200721,20210630
발효우슬등복합물(제2020-12호),"-영·유아, 어린이, 임산부 및 수유부는 섭취에 주의
-특정질환(알레르기 체질 등)이 있는 분은 섭취에 주의
-이상사례 발생 시 섭취를 중단하고 전문가와 상담할 것
-소화불량, 속쓰림 등이 나타날 수 있음
-혈액응고방지제 또는 혈당강하제를 복용하는 분은 섭취에 주의","(국문) 관절건강에 도움을 줄 수 있음
(영문) May help to maintain healthy joint",1,1,g/일,발효우슬등복합물(제2020-12호),"20-Hydroxyecdysone(발효우슬추출물), Decursin(당귀추출물), Pinoresinol diglucoside(두충추출물)",20200825,20200825
구절초추출물(제2021-12호),"-영·유아, 어린이, 임산부 및 수유부는 섭취에 주의
-특정질환(알레르기 체질 등)이 있는 분은 섭취에 주의
-이상사례 발생 시 섭취를 중단하고 전문가와 상담할 것","(국문) 관절 및 연골 건강에 도움을 줄 수 있음
(영문) May help to maintain healthy joint and cartilage",250,250,mg,제2021-12호,리나린(Linarin),20211013,20211013
뽕나무가지주정추출분말(제2021-15호),"(1)영·유아, 어린이, 임산부 및 수유부는 섭취에 주의 (2) 특정질환(알레르기 체질 등)이 있는 분은 섭취에 주의 (3) 이상사례 발생 시 섭취를 중단하고 전문가와 상담할 것",(국문) 혈당조절에 도움을 줄 수 있음 (영문) May help to maintain healthy blood glucose levels,2,2,g,제2021-15호,옥시레스베라트롤,20220121,20220121
레몬밤민들레추출복합물(LD100)(제2022-23호),"(1) 영·유아, 어린이, 임산부 및 수유부는 섭취에 주의할 것
(2) 특정질환(알레르기 체질 등)이 있는 분은 섭취에 주의할 것
(3) 이상사례 발생 시 섭취를 중단하고 전문가와 상담할 것
(4) 의약품(수면유도제, 갑상선호르몬제, 중추신경억제제)을 복용시 섭취 전 전문의와 상담할 것","(국문) 간 건강에 도움을 줄 수 있음 
(영문) May help to protect liver",500,500,mg,,"Chicoric acid(치코릭산), Rosmarinic acid(로즈마린산)",20220620,20220620
발아발효콩추출물(제2022-8호),"(1) 영·유아, 어린이, 임산부 및 수유부는 섭취를 삼가야 함
(2) 특정 질환(알레르기 체질 등)이 있는 사람은 섭취에 주의
(3) 이상사례 발생 시 섭취를 중단하고 전문가와 상담할 것
(4) 에스트로겐 호르몬 또는 대두 이소플라본에 민감한 사람은 섭취에 주의
(5) 메스꺼움 등 소화계통의 불편함을 유발할 수 있음","(국문) 갱년기 여성 건강에 도움을 줄 수 있음
(영문) May help to maintain female health in menopause",1,1,g/일,건강기능식품 기능성 원료 인정(제2022-8호),"쿠메스테롤(Coumestrol), 이소플라본(Isoflavone)",20220711,20220711
유산균발효마늘추출분말(제2016-16호),-,"(국문) 간건강에 도움을 줄 수 있음
(영문) May help protect liver",1.8,1.8,g/일,기능성원료 인증서(제2016-16호),cycloalliin,20221122,20221122
루바브뿌리추출물(제2022-28호),"(1) 영·유아, 어린이, 임산부 및 수유부는 섭취에 주의할 것
(2) 에스트로겐 호르몬에 민감한 사람은 섭취에 주의할 것
(3) 메스꺼움 등 소화계통의 불편함과 설사를 유발할 수 있음
(4) 알레르기 체질이거나 특정질환이 있는 사람은 섭취 전      전문가와 상담할 것
(5) 이상사례 발생 시 섭취를 중단하고 전문가와 상담할 것","(국문) 갱년기 여성 건강에 도움을 줄 수 있음
(영문) May help to maintain female health in menopause",4,4,mg/일,제2022-28호,라폰티신(Rhaponticin),20230112,20230112
레몬버베나추출물 등 복합물(티에뜨레Ⓡ)(제2022-13호),"(1) 영·유아, 어린이, 임산부 및 수유부는 섭취에 주의
(2) 특정질환(알레르기 체질 등)이 있는 분은 섭취에 주의
(3) 당뇨, 혈압 등의 질환이 있거나 의약품 복용 시 전문가와 상담할 것
(4) 이상사례 발생 시 섭취를 중단하고 전문가와 상담할 것","(국문) 체지방 감소에 도움을 줄 수 있음
(영문) May help to reduce body fat",500,500,mg/일,제2022-13호,"Verbascoside, Cyanidin-3-O-sambubioside + Delphinidin-3-O-sambubioside",20230317,20230317
저분자콜라겐펩타이드(제2023-14호),"(1) 영‧유아, 어린이, 임산부 및 수유부는 섭취를 피할 것
(2) 알레르기 체질 등은 개인에 따라 과민반응을 나타낼 수 있음
(3) 이상사례 발생 시 섭취를 중단하고 전문가와 상담할 것","(국문) ① 피부 보습에 도움을 줄 수 있음
       ② 자외선에 의한 피부손상으로부터 피부건강을 유지하는데 도움을 줄 수 있음
        ③ 관절 건강에 도움을 줄 수 있음
(영문) ① May help to moisturize (dry) skin
        ② May help to maintain good skin health by protecting against damage from UV exposure
        ③ May help to maintain healthy joint",4000,1000,mg/일,2023-14,Glycine-Proline-Hydroxyproline(Gly-Pro-Hyp),20230616,20250828
Lactiplantibacillus plantarum HAC01 프로바이오틱스(제2022-21호),"(1) 질환이 있거나 의약품 복용 시 전문가와 상담할 것
(2) 특정질환(알레르기 체질, 단장증후군 등)이 있는 분은 섭취에 주의
(3) 영·유아, 어린이, 임산부 및 수유부는 섭취에 주의
(4) 어린이가 함부로 섭취하지 않도록 일일 섭취량 방법을 지도할 것
(5) 이상사례 발생 시 섭취를 중단하고 전문가와 상담할 것","(국문) 식후 혈당 상승 억제에 도움을 줄 수 있음
(영문) May help to suppress the increase of blood glucose level after meals",4000000000,4000000000,CFU/일,제2022-21호,프로바이오틱스 수,20230724,20230724
와사비잎추출물(NCWL01)(제2023-17호),"(1) 영·유아, 어린이, 임산부 및 수유부는 섭취를 피할것
(2) 특정질환(알레르기 체질 등)이 있는 분은 섭취에 주의할 것
(3) 이상사례 발생 시 섭취를 중단하고 전문가와 상담할 것","(국문) 체지방 감소에 도움을 줄 수 있음
(영문) May help to reduce body fat",250,250,mg,제2023-17호,이소비텍신(Isovitexin),20230804,20230804
저분자유청단백가수분해물(제2023-22호),"(1) 영·유아, 어린이, 임산부 및 수유부는 섭취를 피할 것 
(2) 특정질환(우유 및 유제품에 대한 알레르기 체질 등)이 있는 분은 섭취에 주의
(3) 이상사례 발생 시 섭취를 중단하고 전문가와 상담할 것","(국문) 근력개선에 도움을 줄 수 있음
(영문) May help to improve muscle strength",6,6,g/일,제2023-22호,Leu-Asp-Ile-Gln-Lys,20231130,20231130
두충우슬추출복합물(KGC08EA)(제2023-40호),"(1) 성인 남성만 섭취할 것
(2) 특정질환(알레르기 체질 등)이 있는 분은 섭취에 주의할 것
(3) 이상사례 발생 시 섭취를 중단하고 전문가와 상담할 것","(국문) 갱년기 남성의 건강에 도움을 줄 수 있음
(영문) May help to maintain male health in menopause",500,500,mg/일,제2023-40호,"피노레시놀 디글루코시드(Pinoresinol diglucoside), 20-히드록시엑디손(20-hydroxyecdysone)",20240119,20240119
전호잎추출물(제2022-25호),"(1) 영·유아, 어린이, 임산부 및 수유부는 섭취에 주의
(2) 특정질환(알레르기 체질 등)이 있는 분은 섭취에 주의
(3) 이상사례 발생 시 섭취를 중단하고 전문가와 상담할 것","(국문) 관절건강에 도움을 줄 수 있음
(영문) May help to maintain healthy joint",500,500,mg/일,제2022-25호,루테올린-7-O-글루코사이드(Luteolin-7-O-glucoside),20240508,20240508
파비플로라생강뿌리추출물(제2024-14호),"(1) 영·유아, 어린이, 청소년, 임산부 및 수유부는 섭취를 피할 것
(2) 특정질환(알레르기 체질 등)이 있는 분은 섭취에 주의
(3) 이상사례 발생 시 섭취를 중단하고 전문가와 상담할 것
(4) 의약품을 복용하는 자는 섭취 전 전문의와 상담할 것","(국문) 체지방 감소에 도움을 줄 수 있음
(영문) May help to reduce body fat",100,100,mg/일,제2024-14호,텍토크리신(Tectochrysin),20240705,20240705
녹용당귀등 복합추출물(제2023-16호),"(1) 성인 남성만 섭취할 것
(2) 특정질환(알레르기 체질 등)이 있는 분은 섭취에 주의할 것
(3) 이상사례 발생 시 섭취를 중단하고 전문가와 상담할 것
(4) 소화불량, 속쓰림 등이 나타날 수 있음
(5) 혈액응고방지제 또는 혈당강하제를 복용하는 분은 섭취에 주의할 것","(국문) 전립선 건강의 유지에 도움을 줄 수 있음
(영문) May help to maintain healthy prostate",500,1000,mg/일,제2023-16호,"우라실(Uracil), 하이포잔틴(Hypoxanthine), 데커신(Decursin), 글리시리진산(Glycyrrhizic acid)",20240926,20240926
영지버섯균사체추출분말(제2024-8호),"(1) 영‧유아, 어린이, 임산부, 및 수유부는 섭취를 피할 것
(2) 특정질환(알레르기 체질 등)이 있는 분은 섭취 시 주의할 것 
(3) 이상사례 발생 시 섭취를 중단하고 전문가와 상담할 것
(4) 의약품(당뇨병 치료제, 항응고제, 항혈소판제 등) 복용 시 전문가와 상담할 것","(국문) 면역기능 증진에 도움을 줄 수 있음
(영문) May help to improve immune function",200,200,mg/일,제2024-8호,베타글루칸(β-glucan),20240927,20240927
목천료추출분말(제2024-10호),"(1) 영·유아, 어린이, 임산부 및 수유부는 섭취를 피할 것
(2) 특정질환(알레르기 체질 등)이 있는 분은 섭취에 주의할 것 
(3) 이상사례 발생 시 섭취를 중단하고 전문가와 상담할 것","(국문) ① 피부 보습에 도움을 줄 수 있음, ② 자외선에 의한 피부 손상으로부터 피부 건강을 유지하는데 도움을 줄 수 있음
(영문) ① May help to moisturize (dry) skin, ② May help to maintain good skin health by protecting against damage from UV exposure",686,686,mg/일,제2024-10호,액티니딘(Actinidine),20241112,20241112
산수유추출물등복합물(리베스틴Ⓡ)(제2022-26호),"(1) 영·유아, 어린이, 임산부 및 수유부는 섭취를 피할 것
(2) 특정질환(알레르기 체질 등)이 있는 분은 섭취에 주의할 것
(3) 이상사례 발생 시 섭취를 중단하고 전문가와 상담할 것
(4) 소화계통의 불편함을 유발할 수 있음","(국문) 체지방 감소에 도움을 줄 수 있음
(영문) May help to reduce body fat",1600,1600,mg/일,제2022-26호,"Loganin(로가닌), 4-Hydroxy benzoic acid(4-하이드록시 벤조산)",20241213,20241213
유산균발효대두분말(제2024-38호),"(1) 영·유아, 어린이, 임산부 및 수유부는 섭취를 피할 것
(2) 특정질환(알레르기(대두) 체질, 단장증후군 등)이 있는 분은 섭취에 주의할 것
(3) 이상사례 발생 시 섭취를 중단하고 전문가와 상담할 것
(4) 에스트로겐 호르몬에 민감한 사람은 섭취에 주의할 것","(국문) 위 점막을 보호하여 위 건강에 도움을 줄 수 있음
(영문) May help to maintain healthy stomach by protecting gastric mucosa",1,1,g/일,제2024-38호,소야사포닌 Ⅰ(Soyasaponin Ⅰ),20250116,20250117
참당귀황기추출복합물(SHPro®)(제2024-28호),"(1) 성인 남성만 섭취할 것
(2) 특정질환(알레르기 체질)이 있는 분은 섭취에 주의할 것
(3) 이상사례 발생 시 섭취를 중단하고 전문가와 상담할 것
(4) 혈액응고방지제 또는 혈당강하제를 복용하는 분은 섭취에 주의할 것","(국문) 전립선 건강의 유지에 도움을 줄 수 있음
(영문) May help to maintain healthy prostate",600,600,mg/일,제2024-28호,"데커신(Decursin), 오노닌(Ononin)",20250123,20250123
유산균발효굴추출물(FGO)(제2024-27호),"(1) 임산부 및 수유부는 섭취를 피할 것
(2) 특정원료에 알레르기가 있거나 장기간 또는 의약품 복용시 전문가와 상담할 것
(3) 이상사례 발생 시 섭취를 중단하고 전문가와 상담할 것 
(4) 키 성장에는 충분한 영양섭취, 적절한 수면, 건강한 생활습관·운동을 병행하여야 함","(국문) 어린이 키성장에 도움을 줄 수 있음
(영문) May help to children grow taller",500,500,mg/일,제2024-27호,"감마-아미노부틸산(γ-aminobutyric acid, GABA), 타우린(Taurine)",20250204,20250204
발효굴추출물(FSO)(제2023-39호),"(1) 영·유아, 어린이, 임산부 및 수유부는 섭취를 피할 것
(2) 특정질환(알레르기 체질 등)이 있는 분은 섭취에 주의
(3) 이상사례 발생 시 섭취를 중단하고 전문가와 상담할 것 
(4) 질환이 있거나 의약품 복용 시 섭취 전 전문가와 상담할 것","(국문) 근력개선에 도움을 줄 수 있음
(영문) May help to improve muscle strength",1000,1000,mg/일,제2023-39호,"감마 아미노부틸산(γ-aminobutyric acid, GABA), 타우린(Taurine)",20250206,20250206
황칠나무잎·줄기추출물(제2024-40호),"(1) 영유아, 어린이, 임산부 및 수유부는 섭취를 피할 것
(2) 특정질환(알레르기 체질 등)이 있는 분은 섭취시 주의할 것
(3) 이상사례 발생 시 섭취를 중단하고 전문가와 상담할 것","(국문) 노화로 인해 저하된 인지기능 개선에 도움을 줄 수 있음
(영문) May help to improve cognitive function affected by aging",600,600,mg/일,제2024-40호,루틴(Rutin),20250213,20250213
풋사과 농축분말(APPLOZIN®)(제2024-4호),"(1) 영·유아, 어린이, 임산부 및 수유부는 섭취를 피할 것 
(2) 특정질환(알레르기 체질 등)이 있는 분은 섭취에 주의할 것
(3) 이상사례 발생 시 섭취를 중단하고 전문가와 상담할 것","(국문) ① 피부 보습에 도움을 줄 수 있음, ② 자외선에 의한 피부손상으로부터 피부건강 유지에 도움을 줄 수 있음
(영문) ① May help to maintain skin moisturizing, ② May help to maintain skin health from skin damage by UV radiation",1,1,g/일,제2024-4호,플로리진(phloridzin),20250224,20250224
Latilactobacillus curvatus LB-P9 프로바이오틱스(제2025-5호),"(1) 영·유아, 임산부 및 수유부는 섭취를 피할 것
(2) 특정 질환(알레르기 체질 등)이 있거나 의약품 복용 시 전문가와 상담할 것
(3) 이상사례 발생 시 섭취를 중단하고 전문가와 상담할 것
(4) 어린이가 함부로 섭취하지 않도록 일일섭취량 방법을 지도할 것","(국문) 모발상태(윤기·탄력) 개선에 도움을 줄 수 있음
(영문) May help to improve hair condition(luster·elasticity)",5000000000,5000000000,CFU/일,제2025-5호,프로바이오틱스 수,20250314,20250314
마리골드꽃추출물(지아잔틴함유)(제2025-7호),「건강기능식품의 기준 및 규격」제3.2.2-26 마리골드꽃추출물에 따름,「건강기능식품의 기준 및 규격」제3.2.2-26 마리골드꽃추출물에 따름,12,12,mg/일,제2025-7호,"루테인(Lutein), 총 지아잔틴(Total Zeaxanthin)",20250318,20250318
L. mucosae NK41과 B. longum NK46의 프로바이오틱스 복합물(NVP-2106)(제2025-15호),"(1) 영·유아, 임산부 및 수유부는 섭취를 피할 것
(2) 특정질환(알레르기 체질, 단장증후군 등)이 있거나 의약품 복용 시 전문가와 상담할 것
(3) 어린이가 함부로 섭취하지 않도록 일일섭취량 방법을 지도할 것
(4) 이상사례 발생 시 섭취를 중단하고 전문가와 상담할 것
(5) 과다 섭취하지 말 것","(국문) 노화로 인해 저하된 인지기능 개선에 도움을 줄 수 있음
(영문) May help to improve cognitive function affected by aging",10000000000,10000000000,CFU/일,제2025-15호,프로바이오틱스 수,20250403,20250403
헛개나무과병·오미자박추출복합물(제2025-12호),"(1) 영유아, 어린이, 임산부 및 수유부는 섭취를 피할 것
(2) 특정질환(알레르기 체질 등)이 있는 분은 섭취에 주의할 것
(3) 이상사례 발생 시 섭취를 중단하고 전문가와 상담할 것","(국문) 간 건강에 도움을 줄 수 있음
(영문) May help to protect liver",500,500,mg/일,제2025-12호,"미리세틴(Myricetin), 쉬잔드린(Schizandrin)",20250411,20250411
프로폴리스망고스틴껍질복합물(제2025-13호),"(1) 영유아, 어린이, 임산부 및 수유부는 섭취를 피할 것
(2) 특정질환(알레르기 체질 등)이 있는 분은 섭취에 주의할 것
(3) 이상사례 발생 시 섭취를 중단하고 전문가와 상담할 것
(4) 의약품(항응고제, 항혈소판제 등) 복용 시 전문가와 상담할 것","(국문) 잇몸상태 완화에 도움을 줄 수 있음
(영문) May help to relieve gum’s condition",388,388,mg/일,제2025-13호,"갈랑긴(Galangin), 알파-망고스틴(α-Mangostin)",20250414,20250414
Lactilactobacillus curvatus LB-P9 프로바이오틱스(제2025-6호),"(1) 영·유아, 임산부 및 수유부는 섭취를 피할 것
(2) 특정 질환(알레르기 체질 등)이 있거나 의약품 복용 시 전문가와 상담할 것
(3) 이상사례 발생 시 섭취를 중단하고 전문가와 상담할 것
(4) 어린이가 함부로 섭취하지 않도록 일일섭취량 방법을 지도할 것","(국문) 모발상태(윤기·탄력) 개선에 도움을 줄 수 있음
(영문) May help to improve hair condition(luster·elasticity)",5000000000,5000000000,CFU/일,제2025-6호,프로바이오틱스 수,20250429,20250429
에키네시아추출물(제2024-3호),"(1) 영‧유아, 어린이, 임산부, 및 수유부는 섭취 시 전문가와 상담할 것
(2) 특정질환(알레르기 체질 등)이 있는 분은 섭취 시 주의할 것 
(3) 이상사례 발생 시 섭취를 중단하고 전문가와 상담할 것
(4) 8주 이상 연속으로 섭취하지 말 것
(5) 결핵, 백혈병, 교원증, 다발성 경화증, AIDS, HIV 감염 및 자가면역 장애가 있는 경우 섭취를 금지할 것
(6) 면역억제제를 복용할 경우 섭취 전 전문가와 상담할 것","(국문) 면역기능 증진에 도움을 줄 수 있음
(영문) May help to improve immune function",200,200,mg/일,제2024-3호,"치코르산(Chicoric acid), 총 폴리페놀(Total polyphenols)",20250513,20250513
덖음귤피추출분말(JRC)(제2025-23호),"(1) 영유아, 어린이, 임산부 및 수유부는 섭취를 피할 것
(2) 특정질환(알레르기 체질 등)이 있는 분은 섭취에 주의할 것
(3) 이상사례 발생 시 섭취를 중단하고 전문가와 상담할 것
(4) 항응고제 또는 혈압조절제를 복용하거나 혈압이 낮은 경우 전문가와 상담할 것","(국문) 체지방 감소에 도움을 줄 수 있음
(영문) May help to reduce body fat",300,300,mg/일,제2025-23호,헤스페리딘(Hesperidin),20250616,20250616
라임과피추출물(제2025-26호),"(1) 영유아, 어린이, 임산부 및 수유부는 섭취를 피할 것
(2) 특정질환(알레르기 체질 등)이 있는 분은 섭취에 주의할 것
(3) 이상사례 발생 시 섭취를 중단하고 전문가와 상담할 것
(4) 졸음을 유발하는 약물(신경 안정제 등)과 병용섭취하지 말 것","(국문) 수면의 질 개선에 도움을 줄 수 있음
(영문) May help to improve sleep quality",300,300,mg/일,제2025-26호,비세닌-2(Vicenin-2),20250625,20250625
저분자콜라겐펩타이드(제2024-35호),"(1) 영·유아, 어린이, 임산부 및 수유부는 섭취를 피할 것
(2) 특정질환(알레르기 체질 등)이 있는 분은 섭취에 주의할 것
(3) 이상사례 발생 시 섭취를 중단하고 전문가와 상담할 것","(국문) ① 피부 보습에 도움을 줄 수 있음
② 자외선에 의한 피부 손상으로부터 피부 건강을 유지하는데 도움을 줄 수 있음
(영문) ① May help to maintain skin moisturizing
② May help to maintain skin health from skin damage by UV radiation",1.5,3.5,g/일,제2024-35호,Alanine-Glycine-Proline-Alanine(Ala-Gly-Pro-Ala),20250707,20250707
오미자박추출물(제2025-31호),"(1) 영·유아, 어린이, 임산부 및 수유부는 섭취를 피할 것
(2) 특정질환(알레르기 체질 등)이 있는 분은 섭취에 주의할 것
(3) 이상사례 발생 시 섭취를 중단하고 전문가와 상담할 것
(4) 의약품(항응고제 등)과 복용 시 섭취에 주의할 것","(국문) 체지방 감소에 도움을 줄 수 있음
(영문) May help to reduce body fat",1,1,g/일,제2025-31호,쉬잔드린(Schizandrin),20250711,20250711
배초향 추출물(Agatri)(제2020-5호),"-영·유아, 어린이, 임산부 및 수유부는 섭취에 주의
-특정질환(알레르기 체질 등)이 있는 분은 섭취에 주의
-이상사례 발생 시 섭취를 중단하고 전문가와 상담할 것","(국문) 자외선에 의한 피부손상으로부터 피부건강을 유지하는데 도움을 줄 수 있음
(영문) May help to maintain skin health from skin damage by UV radiation",1,1,g/일,배초향 추출물(Agatri)(제2020-5호),틸리아닌(Tilianin),20200728,20201029
작약추출물등복합물(HT074)(제2020-3호),"-영·유아, 어린이, 임산부 및 수유부는 섭취에 주의
-특정질환(알레르기 체질 등)이 있는 분은 섭취에 주의
-이상사례 발생 시 섭취를 중단하고 전문가와 상담할 것","(국문) 위 점막을 보호하여 위 건강에 도움을 줄 수 있음
(영문) May help to maintain healthy stomach by protecting gastric mucosa",700,700,mg/일,작약추출물등복합물(HT074)(제2020-3호),"Paeoniflorin(작약추출물), 1-O-acetylbritannilactone(구아선복화추출물)",20200728,20201029
사군자추출분말(제2021-3호),(1) 성인남성만 섭취할 것 (2) 메스꺼움 등 소화계통의 불편함과 설사를 유발할 수 있음 (3) 특정질환(알레르기 체질 등)이 있는 분은 섭취에 주의 (4) 이상사례 발생 시 섭취를 중단하고 전문가와 상담할 것 (5) 뜨거운 물과 섭취하지 말 것,(국문) 전립선 건강의 유지에 도움을 줄 수 있음 (영문) May help to maintain prostate health,1,2,g/일,사군자추출분말(제2021-3호),Quisqualic acid,20210812,20220120
인삼(제2021-10호),"(1) 의약품(당뇨치료제, 혈액항응고제) 복용 시 섭취에 주의",(국문) 간 건강에 도움을 줄 수 있음 (영문) May help to liver health,28.8,28.8,mg,제2021-10호,진세노사이드 Rg1과 Rb1의 합,20211015,20220120
단삼주정추출분말(제2023-3호),"(1) 어린이, 임산부 및 수유부는 섭취에 주의할 것
(2) 에스트로겐 호르몬에 민감한 사람은 섭취에 주의할 것
(3) 특정질환(알레르기 체질 등)이 있는 분은 섭취에 주의할 것
(4) 이상사례 발생 시 섭취를 중단하고 전문가와 상담할 것
(5) 의약품(항응고제 등)과 복용 시 섭취에 주의할 것","(국문) 갱년기 여성건강에 도움을 줄 수 있음
(영문) May help to maintain female health in menopause",600,600,mg/일,제2023-3호,단신수(Danshensu),20230705,20230711
새싹보리추출물(RexcliverⓇ)(제2023-20호),"(1) 영·유아, 어린이, 임산부 및 수유부는 섭취를 피할 것
(2) 특정질환(알레르기 체질 등)이 있는 분은 섭취에 주의할 것
(3) 이상사례 발생 시 섭취를 중단하고 전문가와 상담할 것","(국문) 알콜로 인해 증가된 산화적 스트레스로부터 간을 보호하는데 도움을 줄 수 있음 
(영문) May help to protect the liver from increased oxidative stress caused by alcohol",480,480,mg,제2023-20호,사포나린(Saponarin),20230807,20230814
다이크로스타키스 글로메라타 추출물(Dyglomera®)(제2023-36호),"(1) 영·유아, 어린이, 임산부 및 수유부는 섭취를 피할 것
(2) 특정질환(알레르기 체질 등)이 있는 분은 섭취에 주의
(3) 이상사례 발생 시 섭취를 중단하고 전문가와 상담할 것","(국문) 체지방 감소에 도움을 줄 수 있음
(영문) May help to reduce body fat",400,400,mg/일,제2023-36호,"미리세틴(Myricetin), 루테올린(Luteolin)",20240216,20240216
녹용효소분해추출물(HENKIVⓇ)(제2024-2호),"(1) 영·유아, 어린이, 임산부 및 수유부는 섭취를 피할 것 
(2) 특정질환(알레르기 체질 등)이 있는 분은 섭취에 주의
(3) 이상사례 발생 시 섭취를 중단하고 전문가와 상담할 것 
(4) 호르몬제 등 의약품 복용 시 전문가와 상담할 것","(국문) 면역기능 증진에 도움을 줄 수 있음
(영문) May help to improve immune function",480,480,mg/일,제2024-2호,"우라실(Uracil), 하이포잔틴(Hypoxanthine)",20240508,20240508
새싹인삼추출분말(제2023-27호),"(1) 당뇨치료제 및 혈액항응고제 복용 시 섭취에 주의 
(2) 영‧유아, 어린이, 임산부 및 수유부는 섭취를 피할 것
(3) 특정질환(알레르기 체질 등)이 있는 분은 섭취에 주의할 것
(4) 이상사례 발생 시 섭취를 중단하고 전문가와 상담할 것","(국문) 기억력 개선에 도움을 줄 수 있음 
(영문) May help to improve memory",450,450,mg/일,제2023-27호,진세노사이드 Re(Ginsenoside Re),20240722,20240722
장미꽃잎추출물(NOVAROSE®)(제2025-2호),"(1) 영·유아, 어린이, 임산부 및 수유부는 섭취를 피할 것
(2) 특정질환(알레르기 체질 등)이 있는 분은 섭취에 주의할 것
(3) 이상사례 발생 시 섭취를 중단하고 전문가와 상담할 것","(국문) ① 자외선에 의한 피부 손상으로부터 피부 건강을 유지하는데 도움을 줄 수 있음, ② 피부 보습에 도움을 줄 수 있음
(영문) ① May help to maintain skin health from skin damage by UV radiation, ② May help to maintain skin moisturizing",300,300,mg/일,제2025-2호,이소퀘르시트린(Isoquercitrin),20250321,20250321
티아이소크라이시스루테아분말(제2025-9호),"(1) 영유아, 어린이, 임산부 및 수유부는 섭취를 피할 것
(2) 특정질환(알레르기 체질 등)이 있는 분은 섭취에 주의할 것
(3) 이상사례 발생 시 섭취를 중단하고 전문가와 상담할 것","(국문) 건조한 눈을 개선하여 눈 건강에 도움을 줄 수 있음
(영문) May help to maintain eyes healthy by relieving dryness",900,900,mg/일,제2025-9호,"도코사헥사엔산(Docosahexaenoic acid, DHA)",20250714,20250714
복분자추출물(RE-20)(제2025-34호),"(1) 영·유아, 어린이, 임산부 및 수유부는 섭취에 주의
(2) 특정질환(알레르기 체질 등)이 있는 분은 섭취에 주의
(3) 이상사례 발생 시 섭취를 중단하고 전문가와 상담할 것","(국문) 혈중 콜레스테롤 개선에 도움을 줄 수 있음
(영문) May help to improve blood cholesterol",600,600,mg/일,제2025-34호,Ellagic acid,20250718,20250718
인디안구스베리·새싹보리추출복합물(IB Complex)(제2025-40호),"(1) 영‧유아, 어린이, 임산부 및 수유부는 섭취를 피할 것
(2) 특정질환(알레르기 체질 등)이 있는 분은 섭취에 주의할 것
(3) 이상사례 발생 시 섭취를 중단하고 전문가와 상담할 것","(국문) ① 피부 보습에 도움을 줄 수 있음,
          ② 자외선에 의해 손상된 피부 건강 유지에 도움을 줄 수 있음
(영문) ① May help to maintain skin moisturizing
          ② May help to maintain skin health from skin damage by UV radiation",1000,1000,mg/일,제2025-40호,"엘라그산(Ellagic acid),사포나린(Saponarin)",20250806,20250806
한삼덩굴추출분말(HSy2)(제2025-41호),"(1) 임산부 및 수유부는 섭취를 피할 것
(2) 특정원료에 알레르기가 있거나 장기간 또는 의약품 복용 시전문가와 상담할 것
(3) 이상사례 발생 시 섭취를 중단하고 전문가와 상담할 것 
(4) 키 성장에는 충분한 영양섭취, 적절한 수면, 건강한 생활습관·운동을 병행하여야 함","(국문) 어린이 키성장에 도움을 줄 수 있음
(영문) May help to children grow taller",700,700,mg/일,제2025-41호,비텍신(Vitexin),20250818,20250818
루테인지아잔틴추출복합물(제2025-35호),"(1) 영유아, 어린이, 임산부 및 수유부는 섭취를 피할 것
(2) 특정질환(알레르기 체질 등)이 있는 분은 섭취에 주의할 것
(3) 이상사례 발생 시 섭취를 중단하고 전문가와 상담할 것
(4) 과다 섭취 시 일시적으로 피부가 황색으로 변할 수 있음
(5) 흡연자는 섭취 시 전문가와 상담할 것","(국문) 노화로 인해 감소될 수 있는 황반색소밀도를 유지하여 눈 건강에 도움을 줄 수 있음
(영문) May support eye health by maintaining the density of macular pigments which can be affected by aging",12,30,mg/일,제2025-35호,"루테인(Lutein), 총지아잔틴(Total Zeaxanthin)",20250910,20250910
마그나스표고균사체추출물분말(제2009-3호),-,"(국문) 간 건강에 도움을 줄 수 있음
(영문) May help to liver health",1.8,1.8,g/일,제2009-3호,베타글루칸(β-glucan),20250925,20250925
단삼주정추출분말(SAGX)(제2025-16호),"(1) 성인 남성만 섭취할 것
(2) 특정질환(알레르기 체질 등)이 있는 분은 섭취에 주의할 것
(3) 이상사례 발생 시 섭취를 중단하고 전문가와 상담할 것
(4) 의약품(항응고제 등)과 복용 시 섭취에 주의할 것","(국문) 전립선 건강의 유지에 도움을 줄 수 있음
(영문) May help to maintain healthy prostate",400,400,mg/일,제2025-16호,크립토탄시논(Cryptotanshinone),20251121,20251124
B. breve IDCC 4401 열처리배양건조물(BBR®)(제2021-5호),"(1) 영·유아, 어린이, 임산부 및 수유부는 섭취에 주의
(2) 특정질환(알레르기 체질 등)이 있는 분은 섭취에 주의
(3) 이상사례 발생 시 섭취를 중단하고 전문가와 상담할 것
(4) 질환이 있거나 의약품 복용 시 전문가와 상담할 것","(국문) 혈중 콜레스테롤 개선에 도움을 줄 수 있음
(영문) May help to reduce blood cholesterol levels",20,200,m/일,제2021-5호,B. breve IDCC 4401 열처리 배양균체수,20251210,20251210
콘드로이친황산염(제2025-63호),"(1) 영유아, 어린이, 임산부 및 수유부는 섭취를 피할 것
(2) 특정질환(알레르기 체질 등)이 있는 분은 섭취에 주의할 것
(3) 이상사례 발생 시 섭취를 중단하고 전문가와 상담할 것
(4) 수술 전후 또는 항응고제, 항혈소판제, 비스테로이드계 항염증약 복용자는 섭취 전 전문의와 상담할 것
(5) 천식이 있는 사람은 섭취 전 전문의와 상담할 것","(국문) 관절 및 연골 건강에 도움을 줄 수 있음
(영문) May help to maintain joint and cartilage health",1200,1200,mg/일,제2025-63호,콘드로이친 황산나트륨(Chondroitin sulfate sodium),20251218,20251218
피롤로퀴놀린퀴논이나트륨염(NOVAQ®)(제2025-56호),"(1) 영유아, 어린이, 임산부 및 수유부는 섭취를 피할 것
(2) 특정질환(알레르기 체질 등)이 있는 분은 섭취에 주의할 것
(3) 이상사례 발생 시 섭취를 중단하고 전문가와 상담할 것","(국문) 노화로 인해 저하된 인지기능 개선에 도움을 줄 수 있음
(영문) May help to improve cognitive function affected by aging",21.5,21.5,mg/일,제2025-56호,피롤로퀴놀린퀴논이나트륨염 (Pyrroloquinoline quinone disodium salt),20251219,20251219
Akkermansia muciniphila HB05 열처리배양건조물(HB05P)(제2025-71호),"(1) 영유아, 어린이, 임산부 및 수유부는 섭취를 피할 것
(2) 특정질환(알레르기 체질 등)이 있는 분은 섭취에 주의할 것
(3) 이상사례 발생 시 섭취를 중단하고 전문가와 상담할 것","(국문) 노화로 인해 감소될 수 있는 근력 유지에 도움을 줄 수 있음
(영문) May help to maintain muscle strength which can be affected by aging",150,150,mg/일,제2025-71호,Akkermansia muciniphila HB05 열처리배양균체수(사균체),20260105,20260105
라임카카오추출복합물(제2025-68호),"(1) 영유아, 어린이, 임산부 및 수유부는 섭취를 피할 것
(2) 특정질환(알레르기 체질 등)이 있는 분은 섭취에 주의할 것
(3) 이상사례 발생 시 섭취를 중단하고 전문가와 상담할 것
(4) 카페인이 함유되어 있어 초조감, 불면 등을 나타낼 수 있음","(국문) 체지방 감소에 도움을 줄 수 있음
(영문) May help to reduce body fat",450,450,mg/일,제2025-68호,"헤스페리딘(Hesperidin), 테오브로민(Theobromine)",20260119,20260119
녹용유산균발효분말(제2025-45호),"(1) 영유아, 어린이, 임산부 및 수유부는 섭취를 피할 것
(2) 특정질환(알레르기 체질 등)이 있는 분은 섭취에 주의할 것
(3) 이상사례 발생 시 섭취를 중단하고 전문가와 상담할 것
(4) 호르몬제 등 의약품 복용 시 전문가와 상담할 것","(국문) 노화로 인해 감소될 수 있는 근력 유지에 도움을 줄 수 있음
(영문) May help to maintain muscle strength which can be affected by aging",580,580,mg/일,제2025-45호,"하이포잔틴(Hypoxanthine), 젖산(Lactic acid)",20260123,20260123
Akkermansia muciniphila EB-AMDK19 열처리배양건조물(제2025-46호),"(1) 영·유아, 어린이, 임산부 및 수유부는 섭취를 피할 것
(2) 특정질환(알레르기 체질, 단장증후군 등)이 있는 분은 섭취에 주의할 것
(3) 이상사례 발생 시 섭취를 중단하고 전문가와 상담할 것","(국문) 기관·기관지 상태(기침) 개선에 도움을 줄 수 있음
(영문) May help to improve trachea·bronchi condition (cough)",250,250,mg/일,제2025-46호,Akkermansia muciniphila EB-AMDK19 사균체 수,20260128,20260128
Lactiplantibacillus plantarum ATG-K2 프로바이오틱스(제2025-58호),"(1) 영·유아, 어린이, 임산부 및 수유부는 섭취를 피할 것
(2) 특정질환(알레르기 체질, 단장증후군 등)이 있는 분은 섭취에 주의할 것
(3) 이상사례 발생 시 섭취를 중단하고 전문가와 상담할 것
(4) 과다 섭취하지 말 것","(국문) 체지방 감소에 도움을 줄 수 있음
(영문) May help to reduce body fat",4000000000,40000000000,CFU/일,제2025-58호,프로바이오틱스 수,20260204,20260204
난각막분말(DEMⓇ)(제2023-35호),"(1) 영·유아, 어린이, 임산부 및 수유부는 섭취를 피할 것
(2) 특정질환(알레르기 체질 등)이 있는 분은 섭취에 주의할 것
(3) 이상사례 발생 시 섭취를 중단하고 전문가와 상담할 것","(국문) ① 피부 보습에 도움을 줄 수 있음, ② 자외선에 의한 피부 손상으로부터 피부 건강을 유지하는데 도움을 줄 수 있음, ③ 관절 건강에 도움을 줄 수 있음
(영문) ① May help to moisturize (dry) skin, ② May help to maintain good skin health by protecting against damage from UV exposure, ③ May help to maintain healthy joint",600,600,mg/일,제2023-35호,"하이드록시프롤린(Hydroxyproline), 글리신(Glycine)과 프롤린(Proline)의 합",20260225,20260225
L. rhamnosus IDCC 3201 열처리배양건조물(RHT®)(제2018-12호),"(1) 어린이, 임산부 및 수유부는 섭취에 주의
(2) 알레르기 체질이신 경우 섭취시 주의
(3) 질병으로 인하여 치료중인 분은 의사 또는 약사와 상담이 필요함","(국문) 면역과민반응에 의한 피부상태 개선에 도움을 줄 수 있음 
(영문) May help to improve skin condition of immune hypersensitivity reaction",400,400,mg/일,제2018-12호,"열처리배양균체수(사균체)(cells/g), 젖산(Lactic acid)(mg/g)",20260304,20260304
보리수나무열매추출물(Elaea)(제2025-59호),"(1) 영‧유아, 어린이, 임산부 및 수유부는 섭취를 피할 것
(2) 특정질환(알레르기 체질 등)이 있는 분은 섭취에 주의할 것
(3) 이상사례 발생 시 섭취를 중단하고 전문가와 상담할 것","(국문) ① 피부 보습에 도움을 줄 수 있음 ② 자외선에 의한 피부손상으로부터 피부건강 유지에 도움을 줄 수 있음.
(영문) ① May help to maintain skin moisturizing ② May help to maintain skin health from skin damage by UV radiation",1000,1000,mg/일,제2025-59호,엘라그산(Ellagic acid),20260316,20260331
블랙커민추출물(FJ)(제2025-4호),"(1) 영유아, 어린이, 임산부 및 수유부는 섭취를 피할 것
(2) 특정질환(알레르기 체질 등)이 있는 분은 섭취에 주의할 것
(3) 이상사례 발생 시 섭취를 중단하고 전문가와 상담할 것
(4) 공복에 복용하면 위장 장애를 일으킬 수 있으니 반드시 식후 섭취할 것
(5) 수술 전·후 및 의약품 복용(혈액응고제 등)시 섭취에 주의할 것","(국문) 체지방 감소에 도움을 줄 수 있음
(영문) May help to reduce body fat",900,900,mg/일,제2025-4호,티모퀴논(Thymoquinone),20260331,20260331
아쉬아간다추출물(Sensoril®)(제2024-30호),"(1) 영·유아, 어린이, 임산부 및 수유부는 섭취를 피할 것
(2) 특정질환(알레르기 체질 등)이 있는 분은 섭취에 주의할 것
(3) 이상사례 발생 시 섭취를 중단하고 전문가와 상담할 것
(4) 졸음을 유발하는 약물(신경 안정제 등)과 병용섭취하지 말 것","(국문) 스트레스로 인한 긴장완화에 도움을 줄 수 있음
(영문) May help to relieve stress",125,125,mg/일,제2024-30호,Withaferin A,20260414,20260414
대두배아유산균발효물(SE5-OH)(제2025-20호),"(1) 영유아, 어린이, 임산부 및 수유부는 섭취를 피할 것
(2) 특정질환(알레르기 체질 등)이 있는 분은 섭취시 주의할 것
(3) 이상사례 발생 시 섭취를 중단하고 전문가와 상담할 것
(4) 에스트로겐 호르몬에 민감한 사람은 섭취 시 주의할 것","(국문) 갱년기 여성 건강에 도움을 줄 수 있음
(영문) May help to maintain female health in menopause",1667,1667,mg/일,제2025-20호,에스-에쿠올(S-Equol),20260518,20260518
동충하초 유래 P. hepiali 균사체(Cs-4) 추출물(제2011-16호),"(1) 어린이, 임산부, 수유부는 섭취에 주의
(2) 섭취 시 가벼운 위불쾌감 유발 가능
(3) 혈당강하제, 항응고제, 항우울제와 병용 시 섭취에 주의","(국문) 지구력 증진에 도움을 줄 수 있음
(영문) May help to improve endurance",2.5,2.5,g/일,제2011-16호,아데노신,20260520,20260520
홍어껍질콜라겐펩타이드(제2025-49호),"(1) 영유아, 어린이, 임산부 및 수유부는 섭취를 피할 것
(2) 특정질환(알레르기 체질 등)이 있는 분은 섭취에 주의할 것
(3) 이상사례 발생 시 섭취를 중단하고 전문가와 상담할 것","(국문) 체지방 감소에 도움을 줄 수 있음
(영문) May help to reduce body fat",2,2,g/일,제2025-49호,Glycine-Proline-Hydroxyproline(Gly-Pro-Hyp),20260605,20260605
강황추출물(제2025-51호),"(1) 영·유아, 임산부 및 수유부는 섭취를 피할 것
(2) 특정질환(알레르기 체질 등)이 있는 분은 섭취에 주의할 것
(3) 이상사례 발생 시 섭취를 중단하고 전문가와 상담할 것
(4) 질환이 있거나 의약품 복용 시 전문가와 상담할 것
(5) 제안된 섭취량 이상 섭취 시 소화불량, 위장장애, 메스꺼움, 위산역류 등이 있을 수 있음
(6) 수술 전후 섭취에 주의","(국문) 노화로 인해 저하된 인지기능 개선에 도움을 줄 수 있음
(영문) May help to improve cognitive function affected by aging",400,400,mg/일,제2025-51호,"총 커큐미노이드 (Curcumin, Desmethoxycurcumin 및 Bisdesmethoxycurcumin의 합)",20260707,20260707
구기자나무뿌리껍질추출분말(제2026-12호),"(1) 영·유아, 어린이, 임산부 및 수유부는 섭취를 피할 것
(2) 특정질환(알레르기 체질 등)이 있는 분은 섭취에 주의할 것
(3) 이상사례 발생 시 섭취를 중단하고 전문가와 상담할 것","(국문) 잇몸 건강에 도움을 줄 수 있음
(영문) May help to improve gum health",1000,1000,mg/일,제2026-12호,쿠코아민 B(Kukoamine B),20260707,20260707
사탕수수왁스알코올(폴리코사놀)(제2025-19호),"(1) 영유아, 어린이, 임산부 및 수유부는 섭취를 피할 것
(2) 특정질환(알레르기 체질 등)이 있는 분은 섭취에 주의할 것
(3) 이상사례 발생 시 섭취를 중단하고 전문가와 상담할 것
(4) 심혈관약 등 복용, 혈액응고장애가 있거나 수술예정인 사람은 전문가와 상담할 것","(국문) 혈중 콜레스테롤 개선에 도움을 줄 수 있음
(영문) May help to improve cholesterol levels in the blood",20,20,mg/일,제2025-19호,총 지방족 알코올 및 총 지방족 알코올 중 개별 지방족 알코올 함량,20260715,20260715
피브로인추출물(BF-7®)(제2009-46호),"(1) 임산부 및 수유부는 섭취를 피할 것
(2) 이상사례 발생 시 섭취를 중단하고 전문가와 상담할 것","(국문) 기억력 개선에 도움을 줄 수 있음
(영문) May help to improve memory",200,400,mg,제2009-46호,"티로신(Tyrosine), 알라닌(Alanine)",20260812,20260812
포도블루베리추출혼합분말(제2026-3호),"(1) 영‧유아, 어린이, 임산부 및 수유부는 섭취를 피할 것
(2) 특정질환(알레르기 체질 등)이 있는 분은 섭취에 주의할 것
(3) 이상사례 발생 시 섭취를 중단하고 전문가와 상담할 것","(국문) 기억력 개선에 도움을 줄 수 있음
(영문) May help to improve memory",600,600,mg/일,제2026-3호,"(+)-카테킨((+)-Catechin), 퀘르세틴(Quercetin)",20260824,20260824
Lacticaseibacillus paracasei BEPC22와 Lactiplantibacillus plantarum BELP53의 프로바이오틱스 복합물(HH202-LB)(제2026-22호),"(1) 영·유아, 어린이, 임산부 및 수유부는 섭취를 피할 것
(2) 특정 질환(알레르기 체질, 단장 증후군 등)이 있는 분은 섭취에 주의할 것
(3) 이상사례 발생 시 섭취를 중단하고 전문가와 상담할 것
(4) 질환이 있거나 의약품 복용 시 전문가와 상담할 것
(5) 과다 섭취하지 말 것","(국문) 체지방 감소에 도움을 줄 수 있음
(영문) May help to reduce body fat",50000000000,50000000000,CFU,제2026-22호,프로바이오틱스 수,20260825,20260828
Akkermansia muciniphila EB-AMDK19 열처리배양건조물(제2025-47호),"(1) 영·유아, 어린이, 임산부 및 수유부는 섭취를 피할 것
(2) 특정질환(알레르기 체질, 단장증후군 등)이 있는 분은 섭취에 주의할 것
(3) 이상사례 발생 시 섭취를 중단하고 전문가와 상담할 것","(국문) 기관·기관지 상태(기침) 개선에 도움을 줄 수 있음
(영문) May help to improve trachea·bronchi condition (cough)",250,250,mg/일,제2025-47호,Akkermansia muciniphila EB-AMDK19 사균체 수,20260914,20260914
저분자돈태반펩타이드(제2025-29호),"(1) 영·유아, 어린이, 임산부 및 수유부는 섭취를 피할 것
(2) 특정질환(알레르기 체질 등)이 있는 분은 섭취에 주의할 것
(3) 이상사례 발생 시 섭취를 중단하고 전문가와 상담할 것","(국문) · 피부 보습에 도움을 줄 수 있음
· 자외선에 의한 피부손상으로부터 피부건강을 유지하는데 도움을 줄 수 있음
· 모발상태(윤기·탄력) 개선에 도움을 줄 수 있음
(영문) · May help to maintain skin moisturizing
· May help to maintain skin health from skin damage by UV radiation
· May help to improve hair condition(luster·elasticity)",500,500,mg/일,제2025-29호,Glycine-Proline-Hydroxyproline-Glycine-Proline(Gly-Pro-Hyp-Gly-Pro),20260916,20260916
루테인지아잔틴복합추출물(제2018-11호),"-영·유아, 어린이, 임산부 및 수유부는 섭취에 주의
-과다 섭취 시 일시적으로 피부가 황색으로 변할 수 있음","(국문) 노화로 인해 감소될 수 있는 황반색소밀도를 유지하여 눈건강에 도움을 줄 수 있음
(영문) May help the eye health by maintaining the density of macular pigments which can be decreased by aging",12,24,mg/일,,"루테인(Lutein), 총지아잔틴(Total Zeaxanthin)",20191226,20221014
풋사과추출물 애플페논(Applephenon)(제2015-9호),사과에 알레르기가 있으신 분은 섭취 시 주의,체지방 감소에 도움을 줄 수 있음(생리활성기능 2등급),600,600,mg,,총 폴리페놀,20191226,20201029
키토올리고당(제2018-10호),"(가)어린이, 임산부 및 수유부는 섭취를 피할 것
(나)게 또는 새우에 알레르기가 있는 사람은 섭취에 주의(게 또는 새우를 원재료로 사용한 경우에 한함)
(다)이상사례 발생 시 섭취를 중단하고 전문가와 상담할 것","(국문) 식후혈당 감소에 도움을 줄 수 있음
(영문) May help to maintain healthy blood glucose level",750,750,mg/일,,"키토올리고당,키토바이오스",20191226,20250609
인삼(제2019-2호),"의약품(당뇨치료제, 혈액항응고제) 복용 시 섭취에 주의","(국문) 뼈 건강에 도움을 줄 수 있음
(영문) May help to maintain healthy bone",25,25,mg,「건강기능식품의 기능성 원료 및 기준·규격 인정에 관한 규정」제10조제2항에 따라 「건강기능식품의 기준 및 규격」에 고시예정임,진세노사이드 Rg1과 Rb1의 합,20191226,20201029
옻나무 추출분말(제2019-1호),"-영·유아 어린이, 임산부 및 수유부는 섭취에 주의 
-특이체질(옻 알레르기)을 나타내는 사람은 섭취에 주의","(국문) 갱년기 남성의 건강에 도움을 줄 수 있음
(영문) May help to climacteric mens health",1,1,g,,Fustin,20191226,20201029
호로파종자추출물(TestofenⓇ)(제2019-15호),"-땅콩 알레르기가 있는 사람은 섭취에 주의
-영·유아, 어린이, 임산부 및 수유부는 섭취에 주의 
-특정질환(알레르기 체질 등)이 있는 분은 섭취에 주의
-이상사례 발생 시 섭취를 중단하고 전문가와 상담할 것","(국문) 갱년기 남성 건강에 도움을 줄 수 있음
(영문) May help to climacteric mens health",600,600,mg,,비텍신(Vitexin),20191226,20201029
루테인지아잔틴복합추출물(제2019-16호),"(1) 영유아, 어린이, 임산부 및 수유부는 섭취를 피할 것
(2) 흡연자는 섭취 시 전문가와 상담할 것
(3) 과다 섭취 시 일시적으로 피부가 황색으로 변할 수 있음
(4) 이상사례 발생 시 섭취를 중단하고 전문가와 상담할 것","(국문) ① 노화로 인해 감소될 수 있는 황반색소밀도를 유지하여 눈 건강에 도움을 줄 수 있음
② 건조한 눈을 개선하여 눈 건강에 도움을 줄 수 있음
(영문) ① May help the eye health by maintaining the density of macular pigments which can be decreased by aging
② May help to maintain eyes healthy by relieving dryness",10,20,mg/일,,"루테인(Lutein) , 총지아잔틴(Total Zeaxanthin)",20191226,20260730
오가피열매추출물(제2019-11호),"-영·유아, 어린이, 임산부 및 수유부는 섭취에 주의 
-특정질환(알레르기 체질, 간·신장 질환 환자 등)이 있는 분은 섭취에 주의
-이상사례 발생 시 섭취를 중단하고 전문가와 상담할 것","(국문) 혈압조절에 도움을 줄 수 있음
(영문) May help to regulate blood pressure",2,2,g/일,,"Chlorogenic acid, Eleutheroside E",20191226,20201029
루바브뿌리 추출물(제2019-6호),"-영·유아, 어린이, 임산부 및 수유부는 섭취에 주의
-에스트로겐 호르몬에 민감한 사람은 섭취에 주의
-메스꺼움 등 소화계통의 불편함과 설사를 유발 할 수 있음
-알레르기 체질이거나 특정질환이 있는 사람은 섭취 전 전문가와 상담할 것
-이상사례 발생 시 섭취를 중단하고 전문가와 상담할 것","(국문) 갱년기 여성 건강에 도움을 줄 수 있음
(영문) May help to menopausal womens health",4,4,mg/일,,라폰티신(Rhaponticin),20191226,20201029
스페인감초추출물(제2019-7호),"-영・유아, 어린이, 임산부 및 수유부는 섭취에 주의
-특정 질환(알레르기 체질 등)이 있는 분은 섭취에 주의
-이상사례 발생 시 섭취를 중단하고 전문가와 상담할 것","(국문) 위 점막 내 헬리코박터균(Helicobacter pylori) 증식을 억제하고 위 점막을 보호하여 위 건강에 도움을 줄 수 있음
(영문) May help to stomach health by protecting gastric mucosa and inhibiting proliferation of Helicobacter pylori in gastric mucosa.",150,150,mg/일,,Glabridin,20191226,20201029
상황버섯등 추출복합물(제2019-8호),"-영·유아, 어린이, 임산부 및 수유부는 섭취에 주의 
-의약품(항응고제)과 복용 시 섭취에 주의
-특정질환(알레르기 체질 등)이 있는 분은 섭취에 주의
-이상사례 발생 시 섭취를 중단하고 전문가와 상담할 것","(국문) 혈관이완을 통한 혈행개선에 도움을 줄 수 있음
(영문) May help to blood flow improvement by vaso-relaxative action",900,900,mg,,"Protocatechuic acid(상황버섯추출물), Tanshinone IIA(단삼추출물)",20191226,20201029
우뭇가사리추출물(제2019-9호),"-영·유아, 어린이, 임산부 및 수유부는 섭취에 주의
-특정 질환(알레르기 체질 등)이 있는 분은 섭취에 주의
-과다섭취시 미약한 설사, 구토, 배변량 증가, 배변빈도 증가, 복부팽만, 두통 등의 부작용을 일으킬 수 있음
-이상사례 발생 시 섭취를 중단하고 전문가와 상담할 것","(국문) 체지방 감소에 도움을 줄 수 있음
(영문) May help to reduce body fat",1000,1000,mg/일,,푸코스테롤(Fucosterol),20191226,20201029
빌베리 추출물(제2019-10호),,"(국문) 눈의 피로 개선에 도움을 줄 수 있음
(영문) May help to improve eye fatigue",160,240,mg/일,,총 안토시아노사이드(Anthocyanosides),20191226,20201029
피쉬 콜라겐펩타이드(제2019-12호),"-영·유아, 어린이, 임산부 및 수유부는 섭취에 주의
-특정질환(알레르기 체질 등)이 있는 분은 섭취에 주의
-이상사례 발생 시 섭취를 중단하고 전문가와 상담할 것","(국문)
 -자외선에 의한 피부손상으로부터 피부건강을 유지하는데 도움을 줄 수 있음
 -피부보습에 도움을 줄 수 있음
(영문)
  -May help to maintain skin health from skin damage by UV radiation
  -May help to maintain skin moisturizing",3270,3270,mg/일,[19.10.22]기능성내용변경,Gly-Pro-Val-Gly-Pro-Ser,20191226,20201008
수국잎열수추출물(제2020-8호),"-영·유아, 어린이, 임산부 및 수유부는 섭취에 주의
-특정 질환(알레르기 체질 등)이 있는 분은 섭취에 주의
-이상사례 발생 시 섭취를 중단하고 전문가와 상담할 것","- (국문) 자외선에 의한 피부손상으로부터 피부건강 유지에 도움을 줄 수 있음
   (영문) May help to maintain skin health from skin damage by UV radiation",300,600,mg/일,수국잎열수추출물(제2020-8호),하이드란제놀(Hydrangenol),20200728,20200728
들깨쇠비름혼합추출물(제2021-11호),"(1) 영·유아, 어린이, 임산부 및 수유부는 섭취에 주의
(2) 특정질환(알레르기 체질 등)이 있는 분은 섭취에 주의
(3) 이상사례 발생 시 섭취를 중단하고 전문가와 상담할 것","(국문) 면역기능 증진에 도움을 줄 수 있음
(영문) May help to improve immune function",1080,1080,mg/일,제2021-11호,"리놀레산(Linoleic acid), 리놀렌산(Linolenic acid), 리그노세르산(Lignoceric acid)",20211019,20221018
천심련추출물(ParActinⓇ)(제2022-3호),"(1) 영·유아, 어린이, 청소년, 임산부 및 수유부, 임신을 계획하고 있는 자는 섭취하지 말 것 (2) 특정질환(알레르기 체질 등)이 있는 분은 섭취에 주의 (3) 이상사례 발생 시 섭취를 중단하고 전문가와 상담할 것 (4) 의약품을 복용하시는 분은 섭취 전 전문의와 상담할 것",(국문) 관절 건강에 도움을 줄 수 있음 (영문) May help to maintain healthy joint,300,300,mg,제2022-3호,안드로그라폴라이드(Andrographolide),20220321,20220324
바이오게르마늄 효모(제2007-15호),"(1) 임산부, 수유여성 및 12세 이하 어린이는  섭취에 주의
(2) 이상사례 발생 시 섭취를 중단하고 전문가와 상담할 것","(국문)  면역기능증진에 도움을 줄 수 있음
(영문) May help to improve immune function",1.2,1.2,g/일,제2007-15호,게르마늄(Germanium),20220722,20220722
저분자콜라겐펩타이드 AG(제2023-10호),"(1) 영‧유아, 어린이, 임산부 및 수유부는 섭취를 피할 것
(2) 특정질환(알레르기 체질 등)이 있는 분은 섭취에 주의할 것
(3) 이상사례 발생 시 섭취를 중단하고 전문가와 상담할 것","(국문) ① 피부 보습에 도움을 줄 수 있음
          ② 자외선에 의한 피부손상으로부터 피부건강을 유지하는데 도움을 줄 수 있음
(영문) ① May help to moisturize (dry) skin
          ② May help to maintain good skin health by protecting against damage from UV exposure",1,1,g/일,,"Glycine-Proline-Hydroxyproline(Gly-Pro-Hyp, GPH)",20230410,20230410
옥수수수염·레몬밤추출복합물(CL-5MoA)(제2023-7호),"(1) 영·유아, 어린이, 임산부 및 수유부는 섭취를 피할 것
(2) 특정질환(알레르기 체질 등)이 있는 분은 섭취에 주의할 것 
(3) 이상사례 발생 시 섭취를 중단하고 전문가와 상담할 것
(4) 의약품(항당뇨제, 수면유도제, 갑상선호르몬제, 중추신경억제제)을 복용하시는 분은 섭취 전 전문의와 상담할 것","(국문) 체지방 감소에 도움을 줄 수 있음
(영문) May help to reduce body fat",1,1,g/일,,"알란토인(Allantoin), 로즈마린산(Rosmarinic acid)",20230711,20230711
Lactiplantibacillus plantarum Q180(제2021-23호),"(1) 질환이 있거나 의약품 복용 시 전문가와 상담할 것
(2) 특정 질환(알레르기 체질, 단장증후군 등)이 있는 분은 섭취에 주의
(3) 영·유아, 어린이, 임산부 및 수유부는 섭취에 주의
(4) 어린이가 함부로 섭취하지 않도록 일일 섭취량 방법을 지도할 것
(5) 이상 사례 발생 시 섭취를 중단하고 전문가와 상담할 것","(국문) 식후 혈중 중성지방 개선에 도움을 줄 수 있음
(영문) May help to maintain healthy blood triglyceride level",4000000000,4000000000,CFU/일,제2021-23호,"Lactiplantibacillus plantarum Q180 분말(50%), 말토덱스트린(50%)",20230817,20230817
연어이리추출물(DOTTM연어핵산)(제2019-5호),"(1) 영·유아, 어린이, 임산부 및 수유부는 섭취에 주의
(2) 질환이 있거나 의약품(면역억제제 등) 복용 시 전문가와 상담할 것
(3) 이상사례(알러지, 설사, 소화불량 등) 발생 시 섭취를 중단하고 전문가와 상담할 것","(국문) ① 관절 건강에 도움을 줄 수 있음, ② 위 점막을 보호하여 위 건강에 도움을 줄 수 있음
(영문) ① May help to maintain healthy joint, ② May help to maintain healthy stomach by protecting gastric mucosa",500,750,mg/일,제2019-5호,핵산,20240405,20240405
살라시아레티큘라타추출물(제2025-39호),"(1) 영유아, 어린이, 임산부 및 수유부는 섭취를 피할 것
(2) 특정질환(알레르기 체질 등)이 있는 분은 섭취에 주의할 것
(3) 이상사례 발생 시 섭취를 중단하고 전문가와 상담할 것
(4) 과다 섭취하지 말 것","(국문) · 체지방 감소에 도움을 줄 수 있음· 식후 혈당조절에 도움을 줄 수 있음
(영문) · May help to reduce body fat
       · May help to maintain healthy blood glucose levels by slowing digestion and absorption of sugar",500,500,mg/일,제2025-39호,살라시놀(Salacinol),20260102,20260730
저분자콜라겐펩타이드(제2024-34호),"(1) 영·유아, 어린이, 임산부 및 수유부는 섭취를 피할 것
(2) 특정질환(알레르기 체질 등)이 있는 분은 섭취에 주의할 것
(3) 이상사례 발생 시 섭취를 중단하고 전문가와 상담할 것","(국문) ① 피부 보습에 도움을 줄 수 있음, ② 자외선에 의한 피부 손상으로부터 피부 건강을 유지하는데 도움을 줄 수 있음
(영문) ① May help to maintain skin moisturizing, ② May help to maintain skin health from skin damage by UV radiation",1.5,3.5,g/일,제2024-34호,Alanine-Glycine-Proline-Alanine(Ala-Gly-Pro-Ala),20260305,20260305
마리골드꽃추출물(지아잔틴함유)(제2026-9호),「건강기능식품의 기준 및 규격」제3.2.2-26 마리골드꽃추출물에 따름,「건강기능식품의 기준 및 규격」제3.2.2-26 마리골드꽃추출물에 따름,10,20,mg/일,제2026-9호,"루테인(Lutein), 총지아잔틴(Total Zeaxanthin)",20260420,20260420
마르멜로추출물(제2025-64호),"(1) 영유아, 어린이, 임산부 및 수유부는 섭취를 피할 것
(2) 특정질환(알레르기 체질 등)이 있는 분은 섭취에 주의할 것
(3) 이상사례 발생 시 섭취를 중단하고 전문가와 상담할 것","(국문) 체지방 감소에 도움을 줄 수 있음
(영문) May help to reduce body fat",1500,1500,mg/일,제2025-64호,네오클로로겐산(Neochlorogenic acid),20260429,20260518
Weissella confusa WIKIM51 프로바이오틱스(Wilac D001)(제2026-6호),"(1) 영·유아, 어린이, 임산부 및 수유부는 섭취를 피할 것
(2) 특정질환(알레르기 체질, 단장증후군 등)이 있는 분은 섭취에 주의할 것
(3) 이상사례 발생 시 섭취를 중단하고 전문가와 상담할 것","(국문) 체지방 감소에 도움을 줄 수 있음
(영문) May help to reduce body fat",10000000000,10000000000,CFU,제2026-6호,프로바이오틱스 수,20260622,20260622
프로바이오틱스(Lactiplantibacillus plantarum Q180)·미세조류(Phaeodactylum tricornutum) 복합물(CKDB-322)(제2026-19호),"(1) 영·유아, 어린이, 임산부 및 수유부는 섭취를 피할 것
(2) 특정 질환(알레르기 체질, 단장 증후군 등)이 있는 분은 섭취에 주의할 것
(3) 이상사례 발생 시 섭취를 중단하고 전문가와 상담할 것","(국문) 체지방 감소에 도움을 줄 수 있음
(영문) May help to reduce body fat",300,300,mg/일,제2026-19호,"프로바이오틱스 수, 에이코사펜타엔산(Eicosapentaenoic acid, EPA)",20260813,20260813
쑥부쟁이추출분말(제2019-13호),"-영·유아, 어린이, 임산부 및 수유부는 섭취에 주의
-국화과에 알레르기를 나타내는 사람은 섭취에 주의
-이상사례 발생 시 섭취를 중단하고 전문가와 상담할 것","(국문) 면역과민반응에 의한 코상태 개선에 도움을 줄 수 있음
(영문) May help to improve nasal condition caused by hypersensitivity reaction",2,2,g/일,,루틴(Rutin),20191226,20201029
인동덩굴꽃봉오리추출물(그린세라-F)(제2019-14호),"-영·유아, 어린이, 임산부 및 수유부는 섭취에 주의
-특정질환(알레르기 체질 등)이 있는 분은 섭취에 주의
-이상사례 발생 시 섭취를 중단하고 전문가와 상담할 것","(국문) 위 점막을 보호하여 위 건강에 도움을 줄 수 있음
(영문) May help to maintain healthy stomach by protecting gastric mucosa",250,250,mg/일,,Secoxyloganin,20191226,20201029
차즈기추출물(제2019-17호),"-영·유아, 어린이, 임산부 및 수유부는 섭취에 주의
-특정질환(알레르기 체질 등)이 있는 분은 섭취에 주의
-이상사례 발생 시 섭취를 중단하고 전문가와 상담할 것","(국문)  눈의 피로도 개선에 도움을 줄 수 있음
(영문) May help to improve eye fatigue",500,500,mg/일,,Luteolin-7-O-diglucuronide,20191226,20201008
가자추출물(AyuFlexⓇ)(제2022-12호),"(1) 영·유아, 어린이, 임산부 및 수유부는 섭취에 주의
(2) 특정질환(알레르기 체질 등)이 있는 분은 섭취에 주의
(3) 이상사례 발생 시 섭취를 중단하고 전문가와 상담할 것","(국문) · 관절 및 연골 건강에 도움을 줄 수 있음
· 장시간 고정적인 자세로 인한 다리의 불편감(부기) 완화에 도움을 줄 수 있음
(영문) · May help to maintain joint and cartilage health
· May help to relieve leg discomfort and swelling caused by prolonged static posture",500,500,mg/일,제2022-12호,엘라그산(Ellagic acid),20220728,20260908
강황추출물(제2023-5호),"(1) 영·유아, 어린이, 임산부 및 수유부는 섭취를 피할 것 
(2) 특정질환(알레르기 체질 등)이 있는 분은 섭취에 주의
(3) 이상사례 발생 시 섭취를 중단하고 전문가와 상담할 것 
(4) 제안된 섭취량 이상 섭취 시 소화불량, 위장장애, 메스꺼움, 위산역류 등이 있을 수 있음
(5) 질환이 있거나 의약품 복용 시 전문가와 상담할 것
(6) 수술 전후에는 섭취에 주의","(국문) 근력개선에 도움을 줄 수 있음
(영문) May help to improve muscle strength",250,250,mg/일,,커큐민(curcumin),20230411,20230411
L. plantarum LC27과 B. longum LC67의 프로바이오틱스 복합물(NVP-1702)(제2023-19호),"(1) 영·유아, 어린이, 임산부 및 수유부는 섭취를 피할 것
(2) 특정질환(알레르기 체질, 단장증후군 등)이 있는 분은 섭취에 주의할 것 
(3) 이상사례 발생 시 섭취를 중단하고 전문가와 상담할 것
(4) 질환이 있거나 의약품 복용 시 전문가와 상담할 것
(5) 어린이가 함부로 섭취하지 않도록 일일섭취량 방법을 지도할 것","(국문) 비알콜성 간손상으로부터 간 건강에 도움을 줄 수 있음
(영문) May help to liver health by non-alcoholic liver injury",10000000000,10000000000,CFU/일,제2023-19호,프로바이오틱스 수,20230712,20230712
양춘사추출물(제2023-6호),"(1) 영·유아, 어린이, 임산부 및 수유부는 섭취를 피할 것
(2) 특정질환(알레르기 체질 등)이 있는 분은 섭취에 주의할 것 
(3) 이상사례 발생 시 섭취를 중단하고 전문가와 상담할 것","(국문) 체지방 감소에 도움을 줄 수 있음
(영문) May help to reduce body fat",500,500,mg/일,제2023-6호,바닐릭산(Vanillic acid),20230818,20230818
홍삼(제2024-20호),"(1) 당뇨치료제 및 혈액항응고제 복용 시 섭취에 주의
(2) 알레르기 체질 등은 개인에 따라 과민반응을 나타낼 수 있음
(3) 사례 발생 시 섭취를 중단하고 전문가와 상담할 것","(국문) 혈당조절에 도움을 줄 수 있음
(영문) May help to maintain healthy blood glucose levels",23,23,mg/일,제2024-20호,"진세노사이드 Rg1, Rb1 및 Rg3",20240924,20250819
CaHMB(Calcium β-Hydroxy-β-methylbutyrate)(제2023-26호),"(1) 영·유아, 어린이, 임산부 및 수유부는 섭취를 피할 것
(2) 특정질환(알레르기체질, 고콜레스테롤혈증 등)이 있는 분은 섭취에 주의
(3) 이상사례 발생 시 섭취를 중단하고 전문가와 상담할 것
(4) 질환이 있거나 의약품 복용 시 전문가와 상담할 것","(국문) 운동수행능력 향상에 도움을 줄 수 있음
(영문) May help to improve endurance of exercise performance capability",3,3,g/일,제2023-26호,"Ca(calcium), HMB(β-Hydroxy β-methylbutyric acid), CaHMB monohydrate",20241011,20241011
마리골드꽃추출물(지아잔틴함유)(제2024-25호),「건강기능식품의 기준 및 규격」제3.2.2-26 마리골드꽃추출물에 따름,「건강기능식품의 기준 및 규격」제3.2.2-26 마리골드꽃추출물에 따름,12,12,mg/일,제2024-25호,"루테인(Lutein), 총 지아잔틴(Total Zeaxanthin)",20241107,20241107
천마추출물(제2024-19호),"(1) 영유아, 어린이, 임산부 및 수유부는 섭취를 피할 것
(2) 특정질환(알레르기 체질 등)이 있는 분은 섭취시 주의할 것
(3) 이상사례 발생 시 섭취를 중단하고 전문가와 상담할 것","(국문) · 노화로 인해 저하된 인지기능 개선에 도움을 줄 수 있음
· 기억력 개선에 도움을 줄 수 있음
(영문) · May help to improve cognitive function affected by aging
· May help to improve memory",500,500,mg/일,제2024-19호,가스트로딘(Gastrodin),20241210,20260730
대두추출물등 복합물(메노세라)(제2019-29호),"(1) 영·유아, 어린이, 임산부 및 수유부는 섭취에 주의
(2) 에스트로겐 호르몬에 민감한 사람은 섭취에 주의
(3) 메스꺼움 등 소화계통의 불편함과 설사를 유발 할 수 있음
(4) 알레르기 체질이거나 특정질환이 있는 사람은 섭취 전 전문가와 상담할 것
(5) 이상사례 발생 시 섭취를 중단하고 전문가와 상담할 것","(국문) 갱년기 여성건강에 도움을 줄 수 있음
(영문) May help to menopausal women`s health",190,190,mg/일,제2019-29호,"1) 대두 : 대두이소플라본(비배당체), 2) 호프 : 8-Prenylnaringenin",20241217,20241217
배초향·고지베리·무화과복합추출물(제2024-23호),"(1) 영유아, 어린이, 임산부 및 수유부는 섭취를 피할 것
(2) 특정질환(알레르기 체질 등)이 있는 분은 섭취 시 주의할 것
(3) 이상사례 발생 시 섭취를 중단하고 전문가와 상담할 것","(국문) ① 피부 보습에 도움을 줄 수 있음, ② 자외선에 의해 손상된 피부 건강 유지에 도움을 줄 수 있음
(영문) ① May help to maintain skin moisturizing, ② May help to maintain skin health from skin damage by UV radiation",500,500,mg/일,제2024-23호,"틸리아닌(Tilianin), 베타인(Betaine), 루틴(Rutin)",20250102,20250102
홍삼추출효소처리분말(제2024-33호),"(1) 영·유아, 어린이, 임산부 및 수유부는 섭취를 피할 것
(2) 특정질환(알레르기 체질 등)이 있는 분은 섭취에 주의할 것
(3) 이상사례 발생 시 섭취를 중단하고 전문가와 상담할 것
(4) 당뇨치료제 및 혈액항응고제 복용시 섭취에 주의할 것","(국문) 혈압조절에 도움을 줄 수 있음
(영문) May help to regulate blood pressure",400,400,mg/일,제2024-33호,"진세노사이드 Rg3(S와 R의 합)(Ginsenoside Rg3(S-form, R-form)),  진세노사이드 Rg3(S)(Ginsenoside Rg3(S-form))",20250117,20250117
발효굴추출물(FSO)(제2023-41호),"(1) 영·유아, 어린이, 임산부 및 수유부는 섭취를 피할 것
(2) 특정질환(알레르기 체질 등)이 있는 분은 섭취에 주의
(3) 이상사례 발생 시 섭취를 중단하고 전문가와 상담할 것 
(4) 질환이 있거나 의약품 복용 시 섭취 전 전문가와 상담할 것","(국문) 근력개선에 도움을 줄 수 있음
(영문) May help to improve muscle strength",1000,1000,mg/일,제2023-41호,"감마아미노부틸산(γ-aminobutyric acid, GABA), 타우린(Taurine)",20250123,20250123
유산균발효굴추출물(FGO)(제2024-26호),"(1) 임산부 및 수유부는 섭취를 피할 것
(2) 특정원료에 알레르기가 있거나 장기간 또는 의약품 복용시 전문가와 상담할 것
(3) 이상사례 발생 시 섭취를 중단하고 전문가와 상담할 것 
(4) 키 성장에는 충분한 영양섭취, 적절한 수면, 건강한 생활습관·운동을 병행하여야 함","(국문) 어린이 키성장에 도움을 줄 수 있음
(영문) May help to children grow taller",500,500,mg/일,제2024-26호,"감마-아미노부틸산(γ-aminobutyric acid, GABA), 타우린(Taurine)",20250206,20250206
포도블루베리추출혼합분말(제2019-30호),"(1) 영·유아, 어린이, 임산부 및 수유부는 섭취에 주의
(2) 특정질환(알레르기 체질 등)이 있는 분은 섭취에 주의
(3) 이상사례 발생 시 섭취를 중단하고 전문가와 상담할 것","(국문) 기억력 개선에 도움을 줄 수 있음
(영문) May help to improve memory",600,600,mg/일,제2019-30호,"(+)-Catechin, Quercetin",20250224,20250224
프로바이오틱스(Lactiplantibacillus plantarum KC3)·익모초추출복합물(CKDB-315)(제2025-1호),"(1) 영·유아, 임산부 및 수유부는 섭취를 피할 것
(2) 특정 질환(알레르기 체질, 단장 증후군 등)이 있거나 의약품 복용 시 전문가와 상담할 것
(3) 이상사례 발생 시 섭취를 중단하고 전문가와 상담할 것
(4) 어린이가 함부로 섭취하지 않도록 일일섭취량 방법을 지도할 것","(국문) 기관·기관지 상태(기침·가래 등) 개선에 도움을 줄 수 있음
(영문) May help to improve trachea·bronchi condition (cough·sputum etc)",980,980,mg/일,제2025-1호,"프로바이오틱스 수, 레오누린(Leonurine)",20250307,20250307
털부처꽃추출물(제2024-37호),"(1) 영·유아, 어린이, 임산부 및 수유부는 섭취를 피할 것
(2) 특정질환(알레르기 체질 등)이 있는 분은 섭취에 주의할 것
(3) 이상사례 발생 시 섭취를 중단하고 전문가와 상담할 것","(국문) 체지방 감소에 도움을 줄 수 있음
(영문) May help to reduce body fat",500,500,mg/일,제2024-37호,오리엔틴(Orientin),20250314,20250314
산딸기·왕느릅나무·치자추출복합물(제2024-36호),"(1) 영유아, 어린이, 임산부 및 수유부는 섭취를 피할 것
(2) 특정질환(알레르기 체질 등)이 있는 분은 섭취에 주의할 것
(3) 이상사례 발생 시 섭취를 중단하고 전문가와 상담할 것","(국문) 위 점막을 보호하여 위 건강에 도움을 줄 수 있음
(영문) May help to maintain healthy stomach by protecting gastric mucosa",1800,1800,mg/일,제2024-36호,"엘라그산(Ellagic acid), 카테킨 7-O-β-D-아피오퓨라노사이드(Catechin 7-O-β-D- apiofuranoside), 제니포사이드(Geniposide)",20250321,20250321
헛개나무과병·오미자박추출복합물(제2025-18호),"(1) 영유아, 어린이, 임산부 및 수유부는 섭취를 피할 것
(2) 특정질환(알레르기 체질 등)이 있는 분은 섭취에 주의할 것
(3) 이상사례 발생 시 섭취를 중단하고 전문가와 상담할 것","(국문) 간 건강에 도움을 줄 수 있음
(영문) May help to protect liver",500,500,mg/일,제2025-18호,"미리세틴(Myricetin), 쉬잔드린(Schizandrin)",20250411,20250411
밀배유추출물(제2025-10호),"(1) 영·유아, 어린이, 임산부 및 수유부는 섭취를 피할 것
(2) 특정질환(알레르기 체질 등)이 있는 분은 섭취에 주의할 것
(3) 이상사례 발생 시 섭취를 중단하고 전문가와 상담할 것","(국문)
① 자외선에 의한 피부 손상으로부터 피부 건강을 유지하는데 도움을 줄 수 있음
② 피부 보습에 도움을 줄 수 있음
(영문)
① May help to maintain skin health from skin damage by UV radiation
② May help to maintain skin moisturizing",30,30,mg/일,제2025-10호,글루코실세라마이드(Glucosylceramide),20250415,20250718
핑거루트추출물(판두라틴)(제2013-5호),-,"(국문)
(1) 자외선에 의한 피부손상으로부터 피부 건강을 유지하는데 도움을 줄 수 있음
(2) 체지방 감소에 도움을 줄 수 있음
(3) 피부보습에 도움을 줄 수 있음
(영문)
(1) May help to maintain skin health from skin damage by UV radiation
(2) May help to reduce body fat
(3) May help to maintain skin moisturizing",300,300,mg/일,제2013-5호,판두라틴(Panduratin A),20250516,20250516
골드키위유산균발효물(Kiwibiotics®)(제2025-22호),"(1) 영·유아, 어린이, 임산부 및 수유부는 섭취를 피할 것
(2) 특정질환(알레르기 체질, 단장 증후군 등)이 있는 분은 섭취에 주의할 것
(3) 이상사례 발생 시 섭취를 중단하고 전문가와 상담할 것 
(4) 과다 섭취하지 말 것","(국문) 위 점막을 보호하여 위 건강에 도움을 줄 수 있음
(영문) May help to maintain healthy stomach by protecting gastric mucosa",10,10,mL/일,제2025-22호,"구연산(Citric acid), 열처리배양균체 수",20250619,20250619
모로오렌지추출분말(Morosil®)(제2025-25호),"(1) 영·유아, 어린이, 임산부 및 수유부는 섭취를 피할 것
(2) 특정 질환(알러지 체질 등)이 있는 분은 섭취에 주의할 것
(3) 이상사례 발생 시 섭취를 중단하고 전문가와 상담할 것
(4) 식사조절, 운동을 병행하는 것이 체지방 감소에 효과적임","(국문) 체지방 감소에 도움을 줄 수 있음
(영문) May help to reduce body fat",400,400,mg/일,제2025-25호,시아니딘 3-글루코사이드(Cyanidin 3-glucoside),20250703,20250703
녹각효소분해추출물HP(NP-2007)(제2025-28호),"(1) 영유아, 어린이, 임산부 및 수유부는 섭취를 피할 것
(2) 특정질환(알레르기 체질 등)이 있는 분은 섭취에 주의할 것
(3) 이상사례 발생 시 섭취를 중단하고 전문가와 상담할 것
(4) 호르몬제 등 의약품 복용 시 전문가와 상담할 것","(국문) ① 자외선에 의한 피부 손상으로부터 피부 건강을 유지하는데 도움을 줄 수 있음
② 피부 보습에 도움을 줄 수 있음
(영문) ① May help to maintain skin health from skin damage by UV radiation
② May help to maintain skin moisturizing",500,500,mg/일,제2025-28호,· 하이포잔틴(hypoxanthine) · Glycine-Proline-Hydroxyproline-Glycine-Proline-Alanine-Glycine -Proline-Arginine(Gly-Pro-Hyp-Gly-Pro-Ala-Gly-Pro-Arg),20250710,20260713
감국감태추출복합물(제2025-33호),"(1) 영‧유아, 어린이, 임산부 및 수유부는 섭취를 피할 것
(2) 특정질환(알레르기 체질 등)이 있는 분은 섭취에 주의할 것
(3) 이상사례 발생 시 섭취를 중단하고 전문가와 상담할 것
(4) 요오드 함량이 높은 식품(해조류, 어패류 등)과 섭취 시 주의
(5) 갑상선질환, 위장관 장애(질환) 등을 보유하고 있는 사람은 섭취 시 주의","(국문) 기관·기관지 상태(기침·가래 등) 개선에 도움을 줄 수 있음
(영문) May help to improve the condition(cough·phlegm, etc) of trachea·bronchi",700,700,mg/일,제2025-33호,"루테올린-7-글루코사이드(Luteolin-7-glucoside), 디엑콜(Dieckol)",20250711,20250711
Lactiplantibacillus plantarum LMT1-48 프로바이오틱스(제2025-32호),"(1) 영·유아, 어린이, 임산부 및 수유부는 섭취를 피할 것
(2) 특정질환(알레르기 체질, 단장증후군 등)이 있는 분은 섭취에 주의할 것 
(3) 이상사례 발생 시 섭취를 중단하고 전문가와 상담할 것
(4) 어린이가 함부로 섭취하지 않도록 일일섭취량 방법을 지도할 것
(5) 과다 섭취하지 말것","(국문) 체지방 감소에 도움을 줄 수 있음
(영문) May help to reduce body fat",5000000000,5000000000,CFU/일,제2025-32호,프로바이오틱스 수,20250721,20250721
유청단백지질추출물(제2023-29호),"(1) 임산부 및 수유부는 섭취를 피할 것
(2) 특정질환(알레르기 체질 등)이 있는 분은 섭취에 주의할 것
(3) 이상사례 발생 시 섭취를 중단하고 전문가와 상담할 것","(국문) ① 피부 보습에 도움을 줄 수 있음
       ② 자외선에 의한 피부 손상으로부터 피부 건강을 유지하는데 도움을 줄 수 있음
(영문) ① May help to moisturize (dry) skin
        ② May help to maintain good skin health by protecting against damage from UV exposure",600,600,mg/일,제2023-29호,스핑고마이엘린(세라마이드 포스포콜린),20250828,20250828
오미자박추출물(제2025-30호),"(1)영·유아, 어린이, 임산부 및 수유부는 섭취를 피할 것
(2)특정질환(알레르기 체질 등)이 있는 분은 섭취에 주의할 것
(3)이상사례 발생 시 섭취를 중단하고 전문가와 상담할 것
(4)의약품(항응고제 등)과 복용 시 섭취에 주의할 것","(국문) 체지방 감소에 도움을 줄 수 있음
(영문) May help to reduce body fat",1,1,g/일,제2025-30호,쉬잔드린(Schizandrin),20251028,20251028
황해쑥추출분말(제2024-21호),"(1) 영·유아, 어린이, 임산부 및 수유부는 섭취를 피할 것 
(2) 특정질환(알레르기 체질 등)이 있는 분은 섭취에 주의
(3) 이상사례 발생 시 섭취를 중단하고 전문가와 상담할 것 
(4) 위염치료제 등 의약품을 복용하시는 분은 섭취 전 전문가와 상담할 것","(국문) 위 점막을 보호하여 위 건강에 도움을 줄 수 있음
(영문) May help to maintain healthy stomach by protecting gastric mucosa",240,240,mg/일,제2024-21호,이소클로로겐산 C(Isochlorogenic acid C),20251128,20260107
연어코연골추출물(제2025-42호),"(1) 영유아, 어린이, 임산부 및 수유부는 섭취를 피할 것
(2) 특정질환(알레르기 체질 등)이 있는 분은 섭취에 주의할 것
(3) 이상사례 발생 시 섭취를 중단하고 전문가와 상담할 것","(국문) · 자외선에 의한 피부손상으로부터 피부 건강 유지에 도움을 줄 수 있음
       · 피부 보습에 도움을 줄 수 있음
       · 관절 및 연골 건강에 도움을 줄 수 있음
(영문) · May help to maintain skin health from skin damage by UV radiation
       · May help to maintain skin moisturizing
       · May help to maintain joint and cartilage health",50,50,mg/일,제2025-42호,"콘드로이친황산나트륨, AEPTIIHTETR(연어코연골 프로테오글리칸 특이펩타이드)",20251219,20260730
아연,,"(1) 정상적인 면역기능에 필요
(2) 정상적인 세포분열에 필요",2.55,12,mg,,,20080626,20241219
구리,,"(1) 철의 운반과 이용에 필요
(2) 유해산소로부터 세포를 보호하는데 필요",0.24,7,mg,,,20080626,20241219
셀레늄(또는 셀렌),,(1) 유해산소로부터 세포를 보호하는데 필요,0.0165,0.135,mg,,,20080626,20241219
요오드,,"(1) 갑상선 호르몬의 합성에 필요
(2) 에너지 생성에 필요
(3) 신경발달에 필요",0.045,0.15,mg,,,20080626,20241219
망간,,"(1) 뼈 형성에 필요
(2) 에너지 이용에 필요
(3) 유해산소로부터 세포를 보호하는데 필요",0.9,3.5,mg,,,20080626,20241219
몰리브덴,,(1) 산화·환원 효소의 활성에 필요,0.0075,0.23,mg,,,20080626,20241219
칼륨,"(1) 신장질환, 위장관질환 등이 있는 경우 섭취 전 전문가와 상담할 것
(2) 이상사례 발생 시 섭취를 중단하고 전문가와 상담할 것",(1) 체내 물과 전해질 균형에 필요,1050,3700,mg,,,20080626,20241219
크롬,"(1) 당뇨병이 있는 경우 섭취 전 전문가와 상담할 것
(2) 이상사례 발생 시 섭취를 중단하고 전문가와 상담할 것","(1) 체내 탄수화물, 지방, 단백질 대사에 관여",0.009,9,mg,,,20080626,20220105
식이섬유,반드시 충분한 물과 함께 섭취할 것(액상제외),(1) 식이섬유 보충,5000,999999999,mg,,,20080626,20241219
단백질,특정 단백질에 알레르기를 나타내는 경우에는 섭취 주의,"(1) 근육, 결합조직 등 신체조직의 구성성분
(2) 효소, 호르몬, 항체의 구성에 필요
(3) 체내 필수 영양성분이나 활성물질의 운반과 저장에 필요
(4) 체액, 산-염기의 균형 유지에 필요
(5) 에너지, 포도당, 지질의 합성에 필요",12,999999999,g,,,20080626,20241219
필수 지방산,,(1) 필수지방산의 보충,600,999999999,mg,"리놀레산 4.0g 이상, 리놀렌산 0.6g 이상",,20080626,20241219
인삼,"(가) 당뇨치료제 및 혈액항응고제 복용 시 섭취에 주의
(나) 알레르기 체질 등은 개인에 따라 과민반응을 나타낼 수 있음
(다) 이상사례 발생 시 섭취를 중단하고 전문가와 상담할 것","(가) 면역력 증진·피로개선·뼈 건강에 도움을 줄 수 있음
(나) 간 건강에 도움을 줄 수 있음[1) (2) (다)의 제조방법에 한함]",3,80,mg,"(24.12.20.) 섭취시주의사항, 주된기능성 현행화 / '24 신뢰성 확보",진세노사이드 Rg1과 Rb1의 합,20080626,20241220
홍삼,"(3) 섭취 시 주의사항 
 (가)당뇨치료제 및 혈액항응고제 복용 시 섭취에 주의
 (나)알레르기 체질 등은 개인에 따라 과민반응을 나타낼 수 있음
 (다)이상사례 발생 시 섭취를 중단하고 전문가와 상담할 것","(1)기능성 내용 : 면역력 증진･피로개선･혈소판 응집억제를 통한 혈액흐름･기억력 개선･항산화･갱년기 여성의 건강에 도움을 줄 수 있음
(2) 일일섭취량
 (가)면역력 증진･피로개선에 도움을 줄 수 있음 : 진세노사이드 Rg1, Rb1 및 Rg3의 합계로서 3~80 mg
 (나)혈소판 응집억제를 통한 혈액흐름･기억력 개선･항산화에 도움을 줄 수 있음 : 진세노사이드 Rg1, Rb1 및 Rg3의 합계로서 2.4~80 mg
 (다)갱년기 여성의 건강에 도움을 줄 수 있음 : 진세노사이드 Rg1, Rb1 및 Rg3의 합계로서 25~80 mg",2.4,80,mg,"면역력증진·피로개선:진세노사이드Rg1,Rb1및Rg3의합계로서3～80mg,혈소판응집억제를 통한 혈액흐름·기억력 개선·항산화:진세노사이드Rg1,Rb1및Rg3의합계로서2.4～80mg,갱년기여성의 건강:진세노사이드Rg1,Rb1및Rg3의합계로서25∼80mg","진세노사이드 Rg1, Rb1 및 Rg3 의 합",20080626,20240830
알로에 전잎,"(가) 어린이, 임산부 및 수유부는 섭취를 피할 것
(나) 위·신장·간질환이 있거나 의약품 복용 시 전문가와 상담할 것
(다) 이상사례 발생 시 섭취를 중단하고 전문가와 상담할 것",①배변활동 원활에 도움을 줄 수 있음,20,30,mg,,안트라퀴논계화합물(무수바바로인으로서),20080626,20220926
프로폴리스추출물,"(가) 프로폴리스에 알레르기를 나타내는 사람은 섭취에 주의
(나) 이상사례 발생 시 섭취를 중단하고 전문가와 상담할 것","(1) 기능성 내용 : 항산화 ․ 구강에서의 항균작용에 도움을 줄 수 있음
  ※ 구강에서의 항균작용은 구강에 직접 접촉할 수 있는 형태에 한하며, 섭취량을 적용하지 않음",20,40,mg,"(24.12.20.) 섭취시주의사항, 주된기능성 현행화 / '24 신뢰성 확보",총 플라보노이드,20080626,20241220
레시틴,대두나 난황에 알레르기를 나타내는 사람은 섭취에 주의,혈중 콜레스테롤 개선에 도움을 줄 수 있음,1.2,18,g,,인지질(아세톤불용물로서),20080626,20200820
식물스테롤/식물스테롤에스테르,베타-카로틴(β-carotene)의 흡수를 저해할 수 있음,① 혈중 콜레스테롤 개선에 도움을 줄 수 있음,0.8,3,g,"식물스테롤로서 0.8～3 g(식물스테롤을 원료로 사용한 경우), 식물스테롤에스테르로서 1.28~4.8 g(식물스테롤에스테르를 원료로 사용한 경우)",식물스테롤,20080626,20241220
알콕시글리세롤 함유 상어간유,,① 면역력 증진에 도움을 줄 수 있음,0.6,2.7,g,최종제품 중 비타민 A 및 D의 함량이 제 3. 1. 1-1 비타민 A 및 1-3 비타민 D 일일 섭취량의 최대함량을 넘지 않도록 하여야 함(비타민 A 및 D의 함량이 반드시 표시되어야 함),알콕시글리세롤,20080626,20241220
옥타코사놀 함유 유지,"(1) 어린이, 임산부 및 수유부는 섭취를 피할 것
(2) 이상사례 발생 시 섭취를 중단하고 전문가와 상담할 것",(1) 지구력 증진에 도움을 줄 수 있음,10,40,mg,,옥타코사놀,20080626,20260723
매실추출물,,①피로 개선에 도움을 줄 수 있음,1,1.3,g,,구연산,20080626,20170221
글루코사민,"(가) 임산부 및 수유부는 섭취를 피할 것
(나) 간·심장질환, 수술 전후, 고혈압, 당뇨 및 천식이 있거나 의약품(항응고제 등) 복용 시 전문가와 상담할 것
(다) 게 또는 새우에 알레르기가 있는 사람은 섭취에 주의할 것(게 또는 새우를 원재료로 사용한 경우)
(라) 이상사례 발생 시 섭취를 중단하고 전문가와 상담할 것",①관절 및 연골 건강에 도움을 줄 수 있음,1.5,1.5,g,,글루코사민 황산염 또는 염산염,20080626,20200820
뮤코다당.단백,,관절 및 연골건강에 도움을 줄 수 있음,1.2,1.5,g,,뮤코다당·단백,20080626,20200521
히알루론산,,"(1)기능성 내용 : 피부보습･자외선에 의한 피부손상으로부터 피부건강 유지에 도움을 줄 수 있음
(2) 일일섭취량
 (가) 피부보습에 도움을 줄 수 있음 : 히알루론산으로서 120∼240 mg
 (나)자외선에 의한 피부손상으로부터 피부건강 유지에 도움을 줄 수 있음 : 히알루론산으로서 240 mg",120,240,mg,"건기공전(제2019-91호, 기능성내용 변경)",히알루론산,20160105,20240830
"NAG(엔에이지, N-아세틸글루코사민, N-Acetylglucosamine)","(가) 어린이, 임산부 및 수유부는 섭취를 피할 것
(나) 게 또는 새우에 알레르기가 있는 사람은 섭취에 주의(게 또는 새우를 원재료로 사용한 경우에 한함)
(다) 이상사례 발생 시 섭취를 중단하고 전문가와 상담할 것",(1) 관절 및 연골 건강·피부보습에 도움을 줄 수 있음,0.5,1,g,(24.12.23.) 섭취시주의사항 현행화 / '24 신뢰성 확보,N-아세틸글루코사민,20170222,20241223
폴리감마글루탐산,,① 체내 칼슘흡수 촉진에 도움을 줄 수 있음,60,70,mg,,폴리감마글루탐산,20170222,20241223
빌베리 추출물,,① 눈의 피로 개선에 도움을 줄 수 있음,160,240,mg,빌베리 추출물로서 160~240 mg(안토시아노사이드로서 50~108 mg),총 안토시아노사이드(Anthocyanosides),20170222,20241223
라피노스,(1) 섭취량 이상 섭취 시 설사를 유발할 수 있음,"(1) 장내 유익균의 증식과 유해균의 억제에 도움을 줄 수 있음
(2) 배변활동을 원활히 하는데 도움을 줄 수 있음",3,5,g,,라피노스,20170222,20241223
분말한천,"(가) 어린이나 임산부, 수유부는 섭취를 주의해야 함
(나) 충분한 물과 함께 섭취해야 함
(다) 과다 섭취 시 미약한 설사, 구토, 배변량 증가, 배변빈도 증가, 복부 팽만, 두통 등의 부작용을 일으킬 수 있음",(1) 배변활동에 도움을 줄 수 있음,1.6,4,g,분말한천으로서 2～5 g(총 식이섬유로서 1.6～4.0 g),총 식이섬유,20170222,20241223
크레아틴,"(가) 신장에 영향을 미치는 약물을 복용하거나 신장 이상의 위험이 있는 사람은 의사와 상담 후에 섭취하여야 함
(나) 어린이, 임산부, 수유부는 섭취를 삼가
(다) 카페인은 크레아틴의 기능을 감소시킬 수 있음
(라) 크레아틴의 섭취는 탈수를 동반할 수 있으므로 충분한 물과 함께 섭취하여야 함
(마) 과다 섭취하지 말 것",① 근력 운동 시에 운동수행능력 향상에 도움을 줄 수 있음,3,3,g,(24.12.23.) 일일섭취량 현행화 / '24 신뢰성 확보,크레아틴 모노하이드레이트,20170222,20241223
유단백가수분해물,"(가) 임산부, 수유여성 및 어린이는 섭취에 주의
(나) 우유 및 유제품에 대하여 알레르기를 나타내는 사람은 섭취에 주의",(1) 스트레스로 인한 긴장 완화·수면의 질 개선에 도움을 줄 수 있음,2.7,4.1,mg,(가) 스트레스로 인한 긴장 완화에 도움을 줄 수 있음 : 알파에스1카제인 (αS1- casein)(f91-100)으로서 2.7 ∼ 4.1 mg          (나) 수면의 질 개선에 도움을 줄 수 있음 : 알파에스1카제인(αS1- casein)(f91-100)으로서 5.4 ∼ 8.2 mg,알파에스1카제인(αS1-casein)(f91-100),20170222,20260903
상황버섯추출물,,① 면역기능 개선에 도움을 줄 수 있음,287.1,534.6,mg,상황버섯추출물로서 3.3 g(베타글루칸(β-glucan)으로서 287.1～534.6 mg),베타글루칸(β-glucan),20170222,20241223
토마토추출물,"(가) 알레르기 체질이신 분은 개인에 따라 과민반응을 나타낼 수 있음
(나) 과량 섭취 시 피부색이 오렌지색으로 변할 수 있음
(다) 임산부, 수유 여성 및 어린이는 섭취에 주의",① 항산화에 도움을 줄 수 있음,5.7,15,mg,,all-trans-라이코펜,20170222,20241223
곤약감자추출물,(1) 임산부와 수유기 여성은 섭취를 피할 것,(1) 피부 보습에 도움을 줄 수 있음,1.2,1.8,mg,,글루코실세라미드(Glucosylceramide),20170222,20241223
BT-11원지추출분말(제2009-12호),"-과다섭취 시 구토, 설사, 메스꺼움 등의 위장관 장애가 나타날 수 있으며 위장장애가 있는 분은 섭취에 주의 
-임산부, 수유 여성, 어린이는 섭취에 주의",성인의 기억력 개선에 도움을 줄 수 있음(생리활성기능 2등급),300,300,mg,,TMCA(Trimethoxy cinnamic acid),20191226,20211027
L-글루타민(제2008-7호),"①Methotrexate, anticonvulsants, lactulose의 효     과를 경감시킬 우려가 있음②MSG에 민감한 사람은 섭취를 주의해야 함③신장 및 간질환이 있는 환자는 섭취를 주의해야 함④임산부, 수유부는 의사의 처방 없이는 섭취를삼가야 함",과도한 운동 후 신체저항능력 향상에 도움,3000,5000,mg,,L-글루타민(기능성원료인정제2008-7호),20191226,20191226
칸탈로프멜론추출물(제2008-9호),밀 단백질에 알레르기를 나타내는 사람은 섭취에 주의,"-산화스트레스로부터 인체를 보호하는데 도움을 줄 수 있습니다.
-혈관벽 두께(내중막 두께 : IMT) 증가 억제를 통한 혈행개선에 도움을 줄 수 있음
-자외선에 의한 피부홍반개선으로 피부건강에 도움을 줄 수 있음",500,1000,IU,,SOD 활성,20191226,20201029
소나무껍질추출물등복합물(제2008-14호),"-임산부, 수유부 및 어린이는 섭취를 피해야 함
-‘달맞이꽃종자유’에 과민증이 있는 사람을 섭취를 삼가야 함
-과량 섭취 시 위장장애 등의 부작용이 있을 수 있음
-기타 질병을 보유하고 있는 사람 및 수술 전후 환자는 섭취를 삼가야 하며 섭취 시 의사와 상담해야 함",햇볕 또는 자외선에 의한 피부손상으로부터 피부 건강을 유지하는데 도움을 줄 수 있음(기타기능II),1130,1130,mg,,"프로시아니딘, 비타민C, 비타민E, 감마리놀렌산",20191226,20201029
가쯔오부시올리고펩타이드(제2006-13호),"① 임산부, 수유부는 섭취를 삼가시기 바랍니다.② 어린이, 노인, 신부전이 있는 사람, 혈압약을 복용하시는 분이 섭취 시에는 의사와 상담하셔야 합니다.",혈압이 걱정되시는 분에게 도움을 줄 수 있습니다.(기타기능II),1.5,1.5,g,,가쯔오부시올리고펩타이드(기능성원료인정제2006-13호),20191226,20191226
가쯔오부시올리고펩타이드(제2006-16호),"① 임산부, 수유부는 섭취를 삼가시기 바랍니다.② 어린이, 노인, 신부전이 있는 사람, 혈압약을 복용하시는 분이 섭취 시에는 의사와 상담하셔야 합니다.",혈압이 걱정되시는 분에게 도움을 줄 수 있습니다.(기타기능II),1.5,1.5,g,,가쯔오부시올리고펩타이드(기능성원료인정제2006-16호),20191226,20191226
전칠삼추출물 등 복합물(제2010-47호),,관절건강에 도움을 줄 수 있음 (기타기능II),800,800,mg,,"진세노사이드 Rb1(Ginsenoside Rb1), 스타키오스(Stachyose), 엘레우테로사이드 E(Eleutheroside E)",20191226,20201029
L-카르니틴 타르트레이트(제2010-50호),,체지방 감소에 도움을 줄 수 있음 (기타기능 Ⅱ),2,2,g,,L-카르니틴(L-carnitine),20191226,20201029
녹차추출물/테아닌 복합물(제2010-51호),"(1) 어린이, 임산부 및 수유부는 섭취를 피할 것 (2) 수술 전후와 질환이 있거나 의약품 복용시 전문가와 상담할 것 (3) 과량 섭취 시 위장장애, 어지러움 등의 증상이 나타날 수 있음 (4) 카페인에 민감한 사람(초조감, 불면 등)의 경우 섭취에 주의할 것 (5) 카페인을 함유한 식품의 섭취에 주의할 것 (6)식사 후 섭취할 것 (7) 이상사례 발생 시 섭취를 중단하고 전문가와 상담할 것",성인의 기억력 개선에 도움을 줄 수 있으나 인체에서의 확인이 필요함(기타기능III),1680,1680,mg,건강기능식품 기능성 원료 인정서 자진반납에 따른 인정사항 취소,"카테킨, L-테아닌",20191226,20211119
서목태(쥐눈이콩)펩타이드(제2010-53호),,"- 혈당 조절에 도움을 줄 수 있음 (생리활성기능 2등급)
- 혈압이 높은 사람에게 도움을 줄 수 있음 (생리활성기능 2등급)
- 체지방 감소에 도움을 줄 수 있음 (생리활성기능 2등급)",4.5,4.5,g,,"아르기닌(Arginine), 로이신(Leucine)",20191226,20201029
허니부쉬추출발효분말(제2017-3호),"-어린이, 임산부, 수유부는 섭취에 주의
-유당불내증이 있는 사람은 섭취에 주의","(국문) 자외선에 의한 피부손상으로부터 피부 건강 유지에 도움을 줄 수 있음
(영문) May help to maintain skin health from skin damage by UV radiation",400,800,mg/일,,헤스페리딘(Hesperidin),20191226,20201029
Lactobacillus gasseri BNR17(제2017-6호),산성도가 낮은 음료나 뜨거운 물과 함께 복용하는 것을 피하는 것이 좋음,"(국문) 체지방 감소에 도움을 줄 수 있음(생리활성기능)
(영문) May help to reduce body fat",10000000000,10000000000,CFU,,Lactobacillus gasseri BNR17,20191226,20201029
루테인지아잔틴복합추출물(제2018-4호),"(1) 영유아, 어린이, 임산부 및 수유부는 섭취를 피할 것
(2) 흡연자는 섭취 시 전문가와 상담할 것
(3) 과다 섭취 시 일시적으로 피부가 황색으로 변할 수 있음
(4) 이상사례 발생 시 섭취를 중단하고 전문가와 상담할 것","(국문) ① 노화로 인해 감소될 수 있는 황반색소밀도를 유지하여 눈 건강에 도움을 줄 수 있음
② 건조한 눈을 개선하여 눈 건강에 도움을 줄 수 있음
(영문) ① May help the eye health by maintaining the density of macular pigments which can be decreased by aging
② May help to maintain eyes healthy by relieving dryness",10,20,mg/일,,"루테인(Lutein), 총지아잔틴(Total Zeaxanthin)",20191226,20260730
아프리카망고 종자추출물(IGOB131)(제2015-14호),임산부 및 수유 여성은 섭취에 주의,"(국문) 체지방 감소에 도움을 줄 수 있음
(영문) May help to reduce body fat",300,300,mg,,Ellagic acid,20191226,20201029
유단백추출물(제2015-16호),우유 알레르기를 나타내는 사람은 섭취 시 주의,"(국문) 뼈 건강에 도움을 줄 수 있음
(영문) May help to maintain healthy bone",40,40,mg,,락토페린(Lactoferrin),20191226,20201029
천마 등 복합추출물(HX106)(제2015-17호),임산부와 수유부는 섭취에 주의,(국문) 기억력 개선에 도움을 줄 수 있음 (영문) May help to improve memory,1.2,1.2,g,,"Gastrodin , Salvianolic acid B,  Ellagic acid, Spicatoside A",20191226,20211021
밀배유추출물(제2015-18호),"-임신, 수유부는 섭취를 권하지 않음
-밀 알레르기를 나타내는 사람은 섭취에 주의","(국문) 피부 보습에 도움을 줄 수 있음
(영문) May help to maintain skin moisturizing",30,30,mg,,Glucosylceramide,20191226,20201029
L-아르기닌(제2015-19호),"(1) 임산부 및 수유부는 섭취에 주의 
(2) 저단백질 식사를 하고 있을 경우 또는 천식, 심장계 질환이 있을 경우 의사와 상의하여 섭취할 것을 권장","(국문) · 혈관이완을 통해 혈행 개선에 도움을 줄 수 있음
· 피로 개선에 도움을 줄 수 있음
(영문) · May help to improve blood flow by vaso-relaxative action
· May help to reduce fatigue",6,6,g/일,,L-아르기닌,20191226,20260730
프로바이오틱스 HY7714(제2015-1호),"(1)영·유아, 어린이, 임산부 및 수유부는 섭취에 주의 (2)특정질환(알레르기 체질 등)이 있는 분은 섭취에 주의 (3)이상사례 발생 시 섭취를 중단하고 전문가와 상담할 것","(국문) 피부 보습에 도움을 줄 수 있음, 자외선에 의한 피부손상으로부터 피부 건강 유지에 도움을 줄 수 있음 (영문) May help to moisturize (dry) skin, May help to maintain skin health from skin damage by UV",10000000000,10000000000,CFU,"제2015-1호(2015.01.05.)·제2015-2호(2015.01.05.)를 건강기능식품 기능성원료 인정서 제2015-1호(2015.01.05.)로 통합, 제2015-2호(2015.01.05.) 반납",프로바이오틱스수,20191226,20220120
아마인(제2009-72호),"-혈액응고와 관련된 질병이 있거나 혈액응고저해제를 섭취하는 경우는 반드시 의사나 약사와 상담 후에 섭취하여야 합니다
-아마인의 섭취는 다른 약물의 흡수를 방해할 수 있으므로 약제를 섭취하는 경우에는 의사나 약사와 상담 후 섭취하여야 합니다",콜레스테롤 감소에 도움을 줄 수 있음(기타기능 Ⅱ),50,50,g,,"총식이섬유, Secoisolariciresinol diglycoside,
리놀렌산",20191226,20201029
풋사과추출물 애플페논(Applephenon)(제2020-9호),"-영·유아, 어린이, 임산부 및 수유부는 섭취에 주의
-특정 질환(알레르기 체질 등)이 있는 분은 섭취에 주의
-이상사례 발생 시 섭취를 중단하고 전문가와 상담할 것","(국문) 체지방 감소에 도움을 줄 수 있음
(영문) May help to reduce body fat",600,600,mg,풋사과추출물 애플페논(Applephenon)(제2020-9호),총 폴리페놀,20200715,20200715
강황 추출물(터마신)(제2014-2호),"- 영·유아, 임산부, 수유부는 섭취에 주의
- 강황 알레르기 체질이거나 특정질환(담낭질환 등)이 있는 분은 섭취에 주의
- 제안된 섭취량 이상 섭취 시 소화불량, 위장장애, 메스꺼움, 위산역류 등이 있을 수 있음",관절건강에 도움을 줄 수 있음(생리활성기능 2등급),1,1,g/일,,ρ-Coumaric acid,20201029,20210205
미숙여주주정추출분말(제2020-14호),"-영·유아, 어린이, 임산부 및 수유부는 섭취에 주의
-특정질환(알레르기 체질 등)이 있는 분은 섭취에 주의
-이상사례 발생 시 섭취를 중단하고 전문가와 상담할 것","(국문) 식후 혈당상승 억제에 도움을 줄 수 있음
(영문) May help to suppress the rise in blood glucose after eating",2.4,2.4,g,제2020-14호,γ-aminobutyric acid,20210923,20210923
갈락토올리고당 분말(네오고스-P70)(제2021-8호),"-과다섭취 시 복부팽만을 일으켜 소화장애 또는 설사를 유발할 수 있음
-영·유아, 어린이, 임산부 및 수유부는 섭취에 주의
-특정질환(알레르기 체질 등)이 있는 분은 섭취에 주의
-이상사례 발생 시 섭취를 중단하고 전문가와 상담할 것","(국문) 자외선에 의한 피부손상으로부터 피부건강에 도움을 줄 수 있음
(영문) May help to maintain skin health from skin damage by UV",2,2,g,제2021-8호,갈락토올리고당 (Galacto-oligosaccharides),20211012,20211015
쑥부쟁이추출분말(제2021-13호),"-영·유아, 어린이, 임산부 및 수유부는 섭취에 주의
-국화과에 알레르기를 나타내는 사람은 섭취에 주의
-이상사례 발생 시 섭취를 중단하고 전문가와 상담할 것",(국문) 면역과민반응에 의한 코 상태 개선에 도움을 줄 수 있음 (영문) May help to improve nasal condition caused by hypersensitivity reaction,2,2,g,제2021-13호,루틴(Rutin),20211020,20211117
참깨박추출물(제2021-14호),"(1) 영·유아, 어린이, 임산부 및 수유부는 섭취에 주의 (2) 특정질환(알레르기 체질 등)이 있는 분은 섭취에 주의 (3) 이상사례 발생 시 섭취를 중단하고 전문가와 상담할 것",(국문) 기억력 개선에 도움을 줄 수 있음 (영문) May help to improve memory,1.5,1.5,g,제2021-14호,세사미놀,20220121,20220121
저분자콜라겐펩타이드GT(제2022-6호),"(1) 영‧유아, 어린이, 임산부 및 수유부는 섭취에 주의할 것 (2) 특정질환(알레르기 체질 등)이 있는 분은 섭취에 주의할 것 (3) 이상사례 발생 시 섭취를 중단하고 전문가와 상담할 것",(국문) 피부 보습에 도움을 줄 수 있음 (영문) May help to moisturize (dry) skin,2,2,g,제2022-6호,Val-Gly-Pro-Hyp-Gly-Pro-Ala-Gly,20220209,20220210
병풀추출분말(제2021-24호),"(1) 영·유아, 어린이, 청소년, 임산부 및 수유부, 임신을 계획하고 있는 자는 섭취하지 말 것 (2) 특정질환(알레르기 체질 등)이 있는 분은 섭취에 주의 (3) 이상사례 발생 시 섭취를 중단하고 전문가와 상담할 것 (4) 의약품(중추신경억제제 등)을 복용하시는 분은 섭취 전 전문의와 상담할 것",(국문) 노화로 인해 감소될 수 있는 황반색소밀도를 유지하여 눈 건강에 도움을 줄 수 있음 (영문) May support eye health by maintaining the density of macular pigments which can be affected by aging,300,300,mg,,아시아티코사이드(Asiaticoside),20220616,20220616
증숙생강추출분말(GGE03)(제2022-24호),"(1) 영·유아, 어린이, 임산부 및 수유부는 섭취에 주의
(2) 특정질환(알레르기 체질 등)이 있는 분은 섭취에 주의
(3) 이상사례 발생 시 섭취를 중단하고 전문가와 상담할 것
(4) 혈액응고 관련 의약품을 복용하거나 질병이 있는 경우 섭취 전 전문가와 상담할 것","(국문) 위 점막을 보호하여 위 건강에 도움을 줄 수 있음
(영문) May help to maintain healthy stomach by protecting gastric mucosa",480,480,mg/일,제2022-24호,1-디하이드로-6-진저다이온(1-Dehydro-6-gingerdione),20220816,20220816
댕댕이나무열매(허니베리)추출분말(제2019-19호),"(1) 영·유아, 어린이, 임산부 및 수유부는 섭취에 주의 
(2) 특정질환(알레르기 체질 등)이 있는 분은 섭취에 주의
(3) 이상사례 발생 시 섭취를 중단하고 전문가와 상담할 것","(국문) ① 비알콜성 간 손상으로부터 간 건강에 도움을 줄 수 있음
         ② 체지방 감소에 도움을 줄 수 있음
(영문) ① May help to liver health by non-alcoholic liver injury
         ② May help to reduce body fat",1960,1960,mg/일,,Cyanidin-3-glucoside,20220926,20220926
청호추출분말(리베라템)(제2021-20호),"(1) 영·유아, 어린이, 임산부 및 수유부는 섭취를 삼가
(2) 특정질환(알레르기 체질 등)이 있는 분은 섭취에 주의
(3) 이상사례 발생 시 섭취를 중단하고 전문가와 상담할 것","(국문) 간 건강에 도움을 줄 수 있음
(영문) May help to protect liver",686,686,mg/일,제2021-20호,Scopoletin,20221109,20221109
홍삼오일(KGC11o)(제2022-33호),"(1) 성인 남성만 섭취할 것
(2) 심혈관계 질환이 있거나 의약품(당뇨치료제, 혈액항응고제) 복용 시 섭취에 주의할 것
(3) 알레르기 체질 등은 개인에 따라 과민반응을 나타낼 수 있음
(4) 이상사례 발생 시 섭취를 중단하고 전문가와 상담할 것","(국문) 전립선 건강의 유지에 도움을 줄 수 있음
(영문) May help to maintain healthy prostate",1000,1000,mg/일,,"베타-시토스테롤(β-sitosterol), 리놀레산(Linoleic acid), 펜타데카노산(Pentadecanoic acid)",20221208,20221208
귀리식이섬유,"(가) 반드시 충분한 물과 함께 섭취할 것(액상제외)
(나) 이상사례 발생 시 섭취를 중단하고 전문가와 상담할 것",(1) 혈중 콜레스테롤 개선·식후 혈당상승 억제에 도움을 줄 수 있음,4.5,999999999,g,"(24.12.23.) 섭취시주의사항, 일일섭취량, 단위 현행화 / '24 신뢰성 확보",귀리식이섬유,20080922,20241223
난소화성말토덱스트린,"(3) 섭취 시 주의사항
 (가)반드시 충분한 물과 함께 섭취할 것(액상제외)
 (나)이상사례 발생 시 섭취를 중단하고 전문가와 상담할 것","(1)기능성 내용 : 식후 혈당상승 억제･혈중 중성지질 개선･배변활동 원활에 도움을 줄 수 있음
(2) 일일섭취량
 (가)식후 혈당상승 억제에 도움을 줄 수 있음 : 난소화성말토덱스트린 식이섬유로서 4.0~30 g (액상원료는 4.0~44 g)
 (나)혈중 중성지질 개선에 도움을 줄 수 있음 : 난소화성말토덱스트린 식이섬유로서 5.0~30 g (액상원료는 5.0~44 g)
 (다)배변활동 원활에 도움을 줄 수 있음 : 난소화성말토덱스트린 식이섬유로서 4.2~30 g (액상원료는 4.2~44 g)",4,30,g,"식후 혈당상승억제:난소화성말토덱스트린식이섬유로서11.9～30g,혈중중성지질개선:난소화성말토덱스트린식이섬유로서12.7～30g,배변활동원활:난소화성말토덱스트린식이섬유로서2.5～30g",난소화성말토덱스트린 식이섬유,20080922,20240830
대두식이섬유,"(가) 반드시 충분한 물과 함께 섭취할 것 (액상제외)
(나) 대두에 알레르기를 나타내는 사람은 섭취에 주의",① 혈중 콜레스테롤 개선·식후 혈당상승 억제·배변활동 원활에 도움을 줄 수 있음,10,60,g,"혈중 콜레스테롤 개선·배변활동 원활에 도움을 줄 수 있음 : 대두 식이섬유로서 20～60 g, 식후 혈당상승 억제에 도움을 줄 수 있음 : 대두 식이섬유로서 10～60 g",대두식이섬유,20080922,20241223
목이버섯식이섬유,(1) 반드시 충분한 물과 함께 섭취할 것 (액상제외),(1) 배변활동 원활에 도움을 줄 수 있음,12,12,g,(24.12.23.) 일일섭취량 현행화 / '24 신뢰성 확보,목이버섯식이섬유,20080922,20241223
밀식이섬유,(1) 반드시 충분한 물과 함께 섭취할 것(액상제외),(1) 식후 혈당상승 억제·배변활동 원활에 도움을 줄 수 있음,6,36,g,"식후 혈당상승 억제에 도움을 줄 수 있음 : 밀 식이섬유로서 6～36 g, 배변활동 원활에 도움을 줄 수 있음 : 밀 식이섬유로서 36 g",밀식이섬유,20080922,20241223
옥수수겨식이섬유,(1) 반드시 충분한 물과 함께 섭취할 것(액상제외),(1) 혈중 콜레스테롤 개선·식후 혈당상승 억제에 도움을 줄 수 있음,10,10,g,(24.12.23.) 일일섭취량 현행화 / '24 신뢰성 확보,옥수수겨식이섬유,20080922,20241223
폴리덱스트로스,"(1) 반드시 충분한 물과 함께 섭취할 것(액상제외)
(2) 이상사례 발생 시 섭취를 중단하고 전문가와 상담할 것",(1) 배변활동 원활에 도움을 줄 수 있음,4.5,12,g,,식이섬유,20080922,20241223
코엔자임Q10,"(가) 수유부는 섭취를 피할 것
(나) 항응고제 복용 시 전문가와 상담할 것
(다) 이상사례 발생 시 섭취를 중단하고 전문가와 상담할 것",(1) 기능성 내용 : 항산화･높은 혈압 감소에 도움을 줄 수 있음,90,100,mg,"(24.12.20.) 섭취시주의사항, 주된기능성 현행화 / '24 신뢰성 확보",코엔자임Q10(CoenzymeQ10),20110107,20241220
쏘팔메토 열매 추출물,"(가) 성인남성만 섭취할 것
(나) 수술 전후, 출혈성 질환이 있거나 항응고제 등 복용 시 전문가와 상담할 것
(다) 알레르기 체질 등은 개인에 따라 과민반응을 나타낼 수 있음
(라) 메스꺼움 등 소화계통의 불편함과 설사를 유발할 수 있으니 식사 후 섭취할 것
(마) 이상사례 발생 시 섭취를 중단하고 전문가와 상담할 것",①전립선 건강의 유지에 도움을 줄 수 있음,70,115,mg,,로르산(Lauric acid),20110107,20200820
헤마토코쿠스 추출물,"(1) 과다 섭취 시 일시적으로 피부가 황색으로 변할 수 있음
(2) β-카로틴의 흡수를 저해할 수 있음",(1) 기능성 내용 : 눈의 피로도 개선에 도움을 줄 수 있음,4,12,mg,"(24.12.23.) 섭취시주의사항, 주된기능성 현행화 / '24 신뢰성 확보",아스타잔틴(Astaxanthin),20110113,20241223
감마리놀렌산 함유 유지,"(1) 영･유아･어린이는 섭취 전 전문가와 상담한 후 섭취할 것(면역과민반응에 의한 피부상태 개선에 도움을 줄 수 있다는 기능성을 표시･판매하는 경우에 한함)
(2) 이상사례 발생 시 섭취를 중단하고 전문가와 상담할 것",혈중 콜레스테롤 개선･혈행개선･월경전 변화에 의한 불편한 상태 개선･면역과민반응에 의한 피부상태 개선에 도움을 줄 수 있음,160,300,mg,"혈중 콜레스테롤 개선·혈행개선:감마리놀렌산으로서 240∼300mg,월경전 변화에 의한 불편한 상태 개선210∼300mg,면역과민반응에 의한 피부상태 개선160∼300mg",감마리놀렌산,20080922,20240103
인삼다당체추출물(제2015-11호),"-특이체질 또는 알레르기 체질인 경우에는 성분을 확인한 후 섭취
-의약품(당뇨치료제, 혈액항응고제) 복용 시 섭취에 주의",면역기능 증진에 도움을 줄 수 있음(생리활성기능 2등급),6,6,g,,"Galactose와 Arabinose의 합, 진세노사이드 Rg1과 Rb1의 합, 인삼성분 확인",20191226,20201029
댕댕이나무열매추출분말(제2019-19호),"-영·유아, 어린이, 임산부 및 수유부는 섭취에 주의
-특정질환(알레르기 체질 등)이 있는 분은 섭취에 주의
-이상사례 발생 시 섭취를 중단하고 전문가와 상담할 것","(국문) 비알콜성 간 손상으로부터 간 건강에 도움을 줄 수 있음
(영문) May help to liver health by non-alcoholic liver injury",1960,1960,mg/일,,Cyanidin-3-glucosid,20191226,20220926
자몽추출물등 복합물(Sinetrol)(제2019-24호),"-영·유아, 어린이, 임산부 및 수유부는 섭취에 주의
-특정질환(알레르기 체질 등)이 있는 분은 섭취에 주의
-이상사례 발생 시 섭취를 중단하고 전문가와 상담할 것
-의약품(혈압강하제, 부정맥치료제, 고지혈증치료제, 항응고제 등)을 복용하시는 분은 섭취 전 의사와 상담
-카페인을 함유한 식품의 섭취에 주의할 것","(국문) 체지방 감소에 도움을 줄 수 있음
(영문) May help to reduce body fat",900,900,mg/일,,"Naringin(자몽), Hesperidin(오렌지), Nagingin/Hesperidin 비율, Caffeine(과라나)",20191226,20201029
포도과피 효소발효추출물(KL-GEFE)(제2019-27호),"-영·유아, 어린이, 임산부 및 수유부는 섭취에 주의 
-이상사례 발생 시 섭취를 중단하고 전문가와 상담할 것 
-특정질환(알레르기 체질 등)은 섭취에 주의","(국문) 건조한 눈을 개선하여 눈 건강에 도움을 줄 수 있음
(영문) May help to maintain eye health as the improvement of dry eyes",800,800,mg,,Cyanidine,20191226,20201029
황기추출물 등 복합물(HT042)(제2014-40호),"(1) 임산부 및 수유부는 섭취를 피할 것
(2) 특정원료에 알레르기가 있거나 장기간 또는 의약품 복용시 전문가와 상담할 것
(3) 이상사례 발생 시 섭취를 중단하고 전문가와 상담할 것
(4) 키 성장에는 충분한 영양섭취, 적절한 수면, 건강한 생활습관ㆍ운동을 병행하여야 함","(국문) 어린이 키성장에 도움을 줄 수 있음
(영문) May help to children grow taller",1.5,1.5,g/일,제2014-40호,"Formononetin, Shanzhiside methyl ester, Eleutheroside E",20191226,20260731
호박씨추출물 등 복합물(제2014-43호),"-영유아, 어린이, 임산부와 수유부는 섭취에 주의
-호박씨, 대두에 알레르기를 나타내는 사람은 섭취에 주의
-에스트로겐 호르몬에 민감한 사람은 섭취에 주의",방광의 배뇨기능 개선에 도움을 줄 수 있음(생리활성기능 2등급),600,1000,mg,,"Polyphenol derivatives(피로갈롤: pyrogallol), 대두이소플라본 배당체(다이드진, 제니스틴, 글리시틴)의 합",20191226,20201029
참당귀 추출분말(Nutragen)(제2014-44호),"-소화불량, 속쓰림 등이 나타날 수 있습니다. 
-혈액응고방지제 또는 혈당강하제를 복용하시는 분은 의사의 상담 하에 사용하여 주십시오.","(국문) 노화로 저하된 인지기능 개선에 도움을 줄 수 있음
         관절건강에 도움을 줄 수 있음
(영문) May help to improve cognitive function     
          degraded by aging
          May help to maintain healthy joint",800,800,mg,,데커신 (Decursin),20191226,20210218
L-arabinose(제2014-45호),"-과도한 설탕의 섭취는 건강에 해로울 수 있음
-본 원료를 과량으로 섭취하면 설사를 유발할 수 있음
-당뇨병 치료를 받으시는 분은 의사와 상담 후 본 원료를 섭취할 것을 권장함",설탕 소화흡수를 완만하게 하여 혈당조절에 도움을 줄 수 있음(생리활성기능 2등급),6,6,g,,L-arabinose,20191226,20201029
비파엽추출물(제2014-46호),,기억력 개선에 도움을 줄 수 있음 (생리활성기능 2등급),1.5,1.5,g,,Quercetin,20191226,20201029
피니톨(제2005-15호),"-영·유아, 어린이, 임산부 및 수유부는 섭취에 주의
-특정질환(알레르기 체질 등)이 있는 분은 섭취에 주의
-이상사례 발생 시 섭취를 중단하고 전문가와 상담할 것","(국문) 간 건강에 도움을 줄 수 있음
(영문) May help to liver health",300,300,mg/일,3등급(혈당조절) 관련 내용 삭제,피니톨,20191226,20210824
피크노제놀-프랑스해안송껍질추출물<PYCNOGENOL>(제2006-1호),"-임산부 및 수유부와 12세 이하의 어린이는 섭취를 피할 것
-수술 전후, 질환이 있거나 의약품 복용 시 전문가와 상담할 것
-식사 후 또는 식사와 함께 섭취할 것
-이상사례 발생 시 섭취를 중단하고 전문가와 상담할 것","(국문)
-인체에 유해한 활성산소를 제거하는데 도움을 줄 수 있음
-혈액의 흐름을 방해할 수 있는 혈소판응집을 억제하는데 도움을 줄 수 있음
-갱년기 여성의 건강에 도움을 줄 수 있음
(영문)
-May help to remove reactive oxygen species which are harmful to human body
-May help to inhibit blood coagulatin of platelet which can disturb blood flow
-May help to climacteric women’s health",50,200,mg,,프로시아니딘,20191226,20201029
이소말토올리고당(제2006-2호),①과량으로 섭취 시에는 설사를 유발할 수 있습니다.,장내유익균의 증식과 유해균의 억제에 도움을 줄 수 있음(기타기능II)배변활동을 원활히 하는데 도움을 줄 수 있음(기타기능II),8000,12000,mg,,이소말토올리고당(기능성원료인정제2006-2호),20191226,20191226
황금등복합물(제2006-3호),이상 사례 발생 시 섭취를 중단하고 전문가와 상담할 것,"(국문) 관절 건강에 도움을 줄 수 있음
(영문) May help to maintain healthy joint",1100,1100,mg,,"바이칼린, 카테킨",20191226,20201029
곰피추출물(제2018-1호),"-임산부, 수유부 및 12세 이하 어린이는 섭취 시 주의
-요오드 함량이 높은 식품(해조류, 어패류 등)과 병용 섭취 시 주의
-갑상선질환 등을 보유하고 있는 사람은 섭취 시 주의","(국문) 간 건강에 도움을 줄 수 있음
(영문) May help to liver health",420,420,mg/일,,디에콜(Dieckol),20191226,20201029
빌베리 추출물(제2018-2호),,"(국문) 눈의 피로 개선에 도움을 줄 수 있음
(영문) May help to improve eye fatigue",160,240,mg/일,,총 안토시아노사이드(Anthocyanosides),20191226,20201029
과채유래유산균(L.plantarum CJLP133)(제2013-11호),,면역과민반응에 의한 피부상태 개선에 도움을 줄 수 있음 (생리활성기능 2등급),10000000000,1000000000000,CFU,,유산균(L.plantarum CJLP133),20191226,20201029
가시오가피숙지황복합추출물(제2013-14호),"-영-유아, 임산부, 수유부는 섭취에 주의
-알레르기 체질이거나 특정질환이 있는 사람은 섭취에 주의",뼈건강에 도움을 줄 수 있음(생리활성기능 2등급),800,800,mg,,"Eleutheroside E(가시오가피), Stachyose(숙지황)",20191226,20201029
동충하초 주정추출물(제2013-16호),,면역기능 증진에 도움을 줄 수 있음(생리활성기능 2등급),1.5,1.5,g,,Cordycepin,20191226,20201029
Lactobacillus sakei Probio65(제2013-17호),,면역과민반응에 의한 피부상태 개선에 도움을 줄 수 있음 (생리활성기능 2등급),10000000000,1000000000000,CFU,,유산균(L.sakei Probio65),20191226,20210316
로즈힙분말(제2013-18호),"-알레르기 반응을 보이는 사람의 경우 섭취전 성분 확인 필요함
-임산부, 수유부, 어린이의 섭취는 전문의와 상담 후 섭취를 권장함",관절 및 연골 건강에 도움을 줄 수 있음(생리활성기능 2등급),5,5,g,,Hyperoside,20191226,20201029
AP 콜라겐 효소분해 펩타이드(제2010-25호),임산부와 수유부는 섭취에 주의하시기 바랍니다.,"(국문) 피부 보습에 도움을 줄 수 있음, 자외선에 의한 피부 손상으로부터 피부 건강을 유지하는데 도움을 줄 수 있음 (영문) May help to moisturize (dry) skin, May help to maintain good skin health by protecting against damage from UV exposure",1000,1500,mg,제2010-25호,Gly-Pro-Hyp,20191226,20211122
피카오프레토 분말 등 복합물(ClearGuard TM)(제2010-28호),"임산부와 수유부, 어린이는 섭취에 주의하시기 바랍니다","(국문) 과민반응에 의한 코 상태 개선에 도움을 줄 수 있음
(영문) May help to improve nose condition of  hypersensitivity reaction",1350,1350,mg,,"총폴리페놀, 비타민C, 클로로겐산, 계피산",20191226,20201029
연어 펩타이드(제2010-2호),"-임산부, 수유부는 섭취를 삼가시기 바랍니다
-어린이, 노인, 신부전이 있는 사람, 혈압약을 복용하시는 분이 섭취 시에는 의사와 상담하셔야 합니다",혈압이 높은 사람에게 도움을 줄 수 있음 (기타기능II),2,2,g,,Ile-Trp(Isoleucine-Tryptophan),20191226,20201029
보리 베타글루칸 추출물(Barley b-glucan Extract)(제2010-32호),,혈중 콜레스테롤 개선에 도움을 줄 수 있음 (생리활성기능 2등급),3,8,g,,베타글루칸,20191226,20201029
지각상엽 추출 혼합물(제2010-33호),피부에 광과민성 반응이 나타나는 사람은 섭취에 주의,혈당 조절에 도움을 줄 수 있음 (기타기능II),2.8,2.8,g,,"나린진(Naringin), 아스트라갈린(Astragalin)",20191226,20201029
크랜베리 추출물(제2011-39호),,요로에 유해균 흡착 억제로 요로건강에 도움을 줄 수 있음(기타기능 II),500,500,mg,,총 안토시아노사이드(Total Anthocyanosides),20191226,20201029
창녕양파추출액(제2010-38호),,혈중 콜레스테롤 개선에 도움을 줄 수 있음 (기타기능 II),150,150,ml,제2010-38호,케르세틴(Quercetin),20191226,20211119
크랜베리 추출물(Cran-Max)(제2010-39호),,"(국문) 요로에 유해균 흡착 억제로 요로건강에 도움을 줄 수 있음
(영문) May help to urinary tract health by restraining  adhesion of pathogen to urinary tract",500,500,mg,,총 안토시아노사이드(Total Anthocyanosides),20191226,20201029
석류농축액(제2010-40호),"(1) 어린이, 임산부와 수유부는 섭취를 피하는 것이 좋습니다. (2) 에스트로겐 호르몬에 민감한 사람은 섭취에 주의하시기 바랍니다.",갱년기 여성의 건강에 도움을 줄 수 있음(생리활성기능 2등급I),40,40,ml,,엘라그산(Ellagic acid),20191226,20211119
로즈힙분말(제2013-1호),"-알레르기 반응을 보이는 사람의 경우 섭취전 성분 확인 필요함
-임산부, 수유부, 어린이의 섭취는 전문의와 상담 후 섭취를 권장함","(국문) 관절 및 연골 건강에 도움을 줄 수 있음
(영문) May help to maintain healthy joint and cartilage",5,5,g,,Hyperoside,20191226,20201029
락토페린(우유정제단백질)(제2013-20호),우유 및 유제품에 대하여 알레르기 나타내는 사람은 섭취에 주의,체지방 감소에 도움을 줄 수 있음 (생리활성기능 2등급),300,300,mg,,락토페린,20191226,20201029
루테인지아잔틴복합추출물20%(제2013-23호),"-임산부는 섭취 전 의사와 상담이 필요합니다.
-과다 섭취 시 일시적으로 피부가 황색으로 변할 수 있습니다.","(국문) 노화로 인해 감소될 수 있는 황반색소밀도를 유지하여 눈건강에 도움을 줄 수 있음
(영문) May help the eye health by maintaining the density of macular pigments which can be decreased by aging",10,20,mg/일,,"루테인(Lutein), 지아잔틴(Zeaxanthin)",20191226,20210205
매스틱 검(제2014-50호),"임산부, 수유부 및 어린이는 섭취에 주의",위 불편감 개선에 도움을 줄 수 있음(생리활성기능 2등급),1050,1050,mg,,Oleanonic acid,20191226,20201029
유단백가수분해물(락티움)(제2020-2호),"-임산부, 수유여성 및 어린이는 섭취에 주의
-우유 및 유제품에 대하여 알레르기를 나타내는 사람은 섭취에 주의","(국문) 수면의 질 개선에 도움을 줄 수 있음
(영문) May help to improve sleep",300,300,mg/일,,알파에스1카제인(αS1-casein)(f91-100),20200318,20201029
베타글루칸분말(제2020-10호),"-영·유아, 어린이, 임산부 및 수유부는 섭취에 주의
-특정질환(알레르기 체질 등)이 있는 분은 섭취에 주의
-이상사례 발생 시 섭취를 중단하고 전문가와 상담할 것","-(국문) 면역기능 증진에 도움을 줄 수 있음
  (영문) May help to improve immune function",412,412,mg/일,베타글루칸분말(제2020-10호),베타글루칸(β-glucan),20200722,20200723
발효율피추출분말(제2021-4호),"-영·유아, 어린이, 임산부 및 수유부는 섭취에 주의
-특정질환(알레르기 체질 등)이 있는 분은 섭취에 주의
-이상사례 발생 시 섭취를 중단하고 전문가와 상담할 것.","(국문) 체지방 감소에 도움을 줄 수 있음
(영문) May help to improve body fat",1,1,g/일,발효율피추출분말(제2021-4호),Ellagic acid,20210802,20260723
로즈마리추출물등복합물(SunMax)(제2021-18호),"(1) 영‧유아, 어린이, 임산부 및 수유부는 섭취에 주의 (2) 특정질환(알레르기 체질 등)이 있는 분은 섭취에 주의 (3) 이상사례 발생 시 섭취를 중단하고 전문가와 상담할 것 (4) 흡연자는 섭취 시 전문가와 상담할 것 (5) 과다 섭취 시 일시적으로 피부가 황색으로 변할 수 있음",(국문) 자외선에 의한 피부손상으로부터 피부 건강 유지에 도움을 줄 수 있음 (영문) May help to maintain skin health from skin damage by UV,225,225,mg,제2021-18호,로즈마리추출물등복합물,20220121,20220121
사삼추출물(제2022-7호),"(1) 영‧유아, 어린이, 임산부 및 수유부는 섭취에 주의할 것
(2) 특정질환(알레르기 체질 등)이 있는 분은 섭취에 주의
(3) 이상사례 발생 시 섭취를 중단하고 전문가와 상담할 것
(4) 식사조절, 운동을 병행하는 것이 체지방 감소에 효과적임","(국문) 체지방 감소에 도움을 줄 수 있음
(영문) May help to reduce body fat",750,750,mg/일,기능성 원료 인정(제2022-7호),"리놀레산(Linoleic acid), 베타시토스테롤(β-Sitosterol)",20221125,20221125
열처리녹차추출물(제2022-34호),"(1) 영·유아, 어린이, 임산부 및 수유부는 섭취에 주의
(2) 간 질환이 있거나 의약품 복용 시 전문가와 상담할 것
(3) 카페인이 함유되어 있어 초조감, 불면 등을 나타낼 수 있음
(4) 식사 후 섭취할 것
(5) 카페인을 함유한 식품의 섭취에 주의할 것
(6) 특정질환(알레르기 체질 등)이 있는 분은 섭취에 주의
(7)이상사례 발생 시 섭취를 중단하고 전문가와 상담할 것","(국문) 기억력 개선에 도움을 줄 수 있음
(영문) May help to improve memory",900,900,mg/일,제2022-34호,"에피갈로카테킨갈레이트(Epigallocatechin gallate, EGCG), 갈로카테킨갈레이트(Gallocatechin gallate, GCG)",20230110,20230110
아쉬아간다 추출물(ShodenⓇ)(제2022-27호),"(1) 영·유아, 어린이, 임산부 및 수유부는 섭취를 피할 것
(2) 특정질환(알레르기 체질 등)이 있는 분은 섭취에 주의할 것
(3) 이상사례 발생 시 섭취를 중단하고 전문가와 상담할 것
(4) 졸음을 유발하는 약물(신경 안정제 등)과 병용섭취하지 말 것","(국문) 수면건강에 도움을 줄 수 있음
(영문) May help to improve sleep quality",120,120,mg/일,제2022-27호,Withanoside IV (위타노사이드 IV),20230116,20230116
흰목이버섯효소분해추출물(Neu learn)(제2022-30호),"(1) 영·유아, 어린이, 임산부 및 수유부는 섭취에 주의
(2) 특정질환(알레르기 체질 등)이 있는 분은 섭취에 주의
(3) 이상사례 발생 시 섭취를 중단하고 전문가와 상담할 것","(국문) 노화로 인해 감소된 인지기능 개선에 도움을 줄 수 있음
(영문) May help to improve cognitive function affected by  aging",600,1200,mg/일,제2022-30호,"유리딘(Uridine), 만노스(Mannose)",20230428,20230428
녹차추출물,"(가) 어린이, 임산부 및 수유부는 섭취를 피할 것
(나) 간질환이 있거나 의약품 복용 시 전문가와 상담할 것
(다) 카페인이 함유되어 있어 초조감, 불면 등을 나타낼 수 있음
(라) 식사 후 섭취할 것
(마) 카페인을 함유한 식품의 섭취에 주의할 것
(바) 이상사례 발생 시 섭취를 중단하고 전문가와 상담할 것",(1) 기능성 내용 : 항산화･체지방 감소･혈중 콜레스테롤 개선에 도움을 줄 수 있음,0.3,1,g,"(24.12.20.) 섭취시주의사항, 주된기능성 현행화 / '24 신뢰성 확보",카테킨,20080626,20241220
바나바잎 추출물,"(1) 어린이, 임산부 및 수유부는 섭취를 피할 것
(2) 이상사례 발생 시 섭취를 중단하고 전문가와 상담할 것",(1) 식후 혈당상승 억제에 도움을 줄 수 있음,0.45,1.3,mg,,코로솔산(Corosolic acid),20130102,20260723
나토균배양분말(제2013-6호),"(1) 대두에 알레르기를 나타내는 사람은 섭취에 주의할 것
(2) 어린이, 임산부 및 수유부는 섭취를 피할 것
(3) 수술전후, 의약품(항응고제) 복용 시 전문가와 상담할 것
(4) 이상사례 발생 시 섭취를 중단하고 전문가와 상담할 것","(국문) 혈행 개선에 도움을 줄 수 있음
(영문) May help to improve blood circulation",44,67,mg/일,,지표성분 : 피브린용해효소활성,20191226,20250221
지초추출물(제2010-59호),,피부보습에 도움을 줄 수 있음(기타기능Ⅱ),2200,2200,mg,,리소스펌산(Lithospermic acid),20191226,20201029
히드록시프로필메틸셀룰로오스(제2014-12호),"-과량 복용 시 약한 완하 작용 및 변비 주의
-반드시 충분한 물과 함께 섭취할 것 (액상 제외)",식후 혈당상승 억제에 도움을 줄 수 있음 (생리활성기능 2등급),4,8,g,,히드록시프로필메틸셀룰로오스,20191226,20201029
가시오갈피 등 복합추출물(제2011-28호),,관절 건강에 도움을 줄 수 있음(기타기능Ⅱ),1.5,1.5,g,,"엘레우테로사이드 E(Eleutheroside E), 리구스틸라이드(Ligustilide), 바이칼린(Baicalin)",20191226,20201029
상엽추출물(제2014-14호),"(1) 영·유아, 어린이, 임산부 및 수유부는 섭취를 피할 것 
(2) 특정질환(알레르기 체질 등)이 있는 분은 섭취에 주의
(3) 이상사례 발생 시 섭취를 중단하고 전문가와 상담할 것","(국문) 식후혈당 상승 억제에 도움을 줄 수 있음
(영문) May help to improve blood glucose levels",10,10,g/일,,1-deoxynojirimycin,20191226,20250609
창녕양파추출액(제2016-11호),,혈중 콜레스테롤 개선에 도움을 줄 수 있음(생리활성기능 2등급),150,150,ml,,케르세틴(Quercetin),20191226,20201029
지방산복합물 FAC(Fatty Acid Complex)(제2012-16호),-임산부 및 수유부는 섭취 시 주의,"(국문) 관절 건강에 도움을 줄 수 있음
(영문) May help to maintain healthy joint",1248,1248,mg/일,,미리스트올레산(Myristoleic acid),20191226,20210205
보리 베타글루칸 추출물(Barley β-glucan Extract)(제2009-73호),,"(국문) 혈중 콜레스테롤 개선에 도움을 줄 수 있음
(영문) May help to improve blood cholesterol level",3,8,g,,베타글루칸,20191226,20201029
정제오징어유(제2009-76호),,혈행 개선에 도움을 줄 수 있음(기타기능II) ·혈중 중성지질 개선에 도움을 줄 수 있음 (기타기능II),0.5,2,g,,정제오징어유(기능성원료인정제2009-76호),20191226,20191226
자일로올리고당(xylooligosaccharide) 분말(제2009-80호),"(1) 어린이는 섭취를 피할 것
(2) 과량으로 섭취 시 설사를 유발할 수도 있음
(3) 이상사례 발생 시 섭취를 중단하고 전문가와 상담할 것","(국문) 장내 유익균 증식, 유해균 억제, 배변활동에 도움을 줄 수 있음
(영문) May help to increase beneficial intestinal flora and suppress pathogenic bacteria, May help to improve bowel movements",0.7,7.5,g,,자일로올리고당,20191226,20260608
자일로올리고당(xylooligosaccharide)(제2009-81호),과량으로 섭취 시 설사를 유발할 수도 있습니다.,"장내 유익균 증식, 유해균 억제, 배변활동에 도움을 줄 수 있음(기타기능II)",0.7,7.5,g,,자일로올리고당(기능성원료인정제2009-81호),20191226,20220120
파크랜 크랜베리 분말(PACran Whole Cranberry Powder)(제2009-84호),"-와파린, 쿠마딘 등 항응고제, 오메프라졸 등의 위산분비 억제제와 함께 섭취하지 마십시오
-제안된 섭취량 이상 과잉 복용할 경우 설사가 있을 수 있으므로, 정해진 섭취량을 준수하여 주십시오",요로의 유해균 흡착 억제로 요로건강에 도움을 줄 수 있음(기타기능II),500,1000,mg,,프로안토시아니딘(Proanthocyanidin;PAC),20191226,20210630
해태올리고펩티드(NORI-PEPTIDE)(제2009-87호),해조식 섭취에 주의해야 하는 분은 섭취를 삼가시기 바랍니다,혈압조절에 도움을 줄 수 있음(기타기능II),1.6,1.6,g,,Alanine-Lysine-Tyrosine-Serine-Tyrosine,20191226,20201029
Green Mate Extract EFLA 920(제2010-7호),"(1) 어린이, 임산부 및 수유부는 섭취를 피할 것 (2) 질환이 있거나 의약품 복용시 전문가와 상담할 것 (3) 카페인을 함유한 식품의 섭취에 주의할 것 (4) 이상사례 발생 시 섭취를 중단하고 전문가와 상담할 것",체지방 감소에 도움을 줄 수 있습니다(기타기능II),3,3,g,,Chlorogenic acid,20191226,20211119
아티초크 추출물(제2010-8호),"-담관에 이상이 있는 분은 의사와 상의하신 후 섭취하시기 바랍니다
-알레르기 반응이 나타나는 경우에는 섭취를 중단하시기 바랍니다",담즙분비를 촉진하여 지방 소화에 도움을 줄 수 있음(생리활성기능 2등급),1.92,1.92,g,,Chlorogenic acid,20191226,20201029
파크랜 크랜베리 분말(제2014-34호),일일섭취량 준수하여 섭취,요로의 유해균 흡착 억제로 요로건강에 도움을 줄 수 있음(생리활성기능 2등급),500,1000,mg,파크랜크랜베리추출분말(기능성원료인정제2014-34호),총 안토시아노사이드(Total Anthocyanosides),20191226,20200206
파크랜 크랜베리 분말(제2014-35호),일일섭취량 준수하여 섭취,요로의 유해균 흡착 억제로 요로건강에 도움을 줄 수 있음(생리활성기능 2등급),500,1000,mg,,총 안토시아노사이드(Total Anthocyanosides),20191226,20201029
닭가슴연골분말(UC-II)(제2014-39호),"- 임산부, 수유부는 섭취 시 의사와 상담
- 복용중인 의약품이 있는 분은 섭취 시 의사와 상담",관절건강에 도움을 줄 수 있음(생리활성기능 2등급),40,40,mg/일,,콘드로이친 황산(chondroitin sulfate),20191226,20210630
오미자추출물(제2018-9호),"(1) 영·유아, 어린이, 임산부 및 수유부는 섭취에 주의 (2) 수술 전․후 섭취에 주의 (3)식사조절, 운동을 병행하는 것이 바람직함",(국문) 근력 개선에 도움을 줄 수 있음 (영문) Help to improve muscle strength,1582,1582,mg,,쉬잔드린(Schizandrin),20191226,20211117
우슬 등 복합물(HL-Joint100)(제2018-13호),"-영·유아, 어린이, 임산부 및 수유부는 섭취에 주의
-에스트로겐 호르몬에 민감한 사람은 섭취에 주의","(국문) 관절 및 연골건강에 도움을 줄 수 있음
(영문) May help to maintain healthy joint and cartilage",1000,1000,mg/일,우슬 등 복합물(HL-Joint100),"Ellagic acid(석류농축분말), Pinoresinol diglucoside(두충추출분말), Ecdysterone(우슬추출분말)",20191226,20201029
시서스추출물(제2018-14호),"-영·유아, 어린이, 임산부 및 수유부는 섭취에 주의
-의약품(혈당강하제) 복용 시 섭취에 주의","(국문) 체지방 감소에 도움을 줄 수 있음(생리활성기능)
(영문) May help to reduce body fat",300,300,mg/일,,"Quercetin, isorhamnetin",20191226,20201029
저분자콜라겐펩타이드NS(제2019-20호),"-영·유아, 어린이, 임산부와 수유부는 섭취에 주의
-특정 질환(알레르기 체질 등)이 있는 분은 섭취에 주의
-이상사례 발생 시 섭취를 중단하고 전문가와 상담할 것","(국문)
-자외선에 의한 피부손상으로부터 피부건강을 유지하는데  도움을 줄 수 있음
-피부보습에 도움을 줄 수 있음
(영문)
May help to maintain skin health from skin damage by UV radiation
May help to maintain skin moisturizing",1.65,1.65,g/일,,Gly-Pro dipeptide,20191226,20210630
풋사과추출물 애플페논(Applephenon)(제2019-21호),"-영·유아, 어린이, 임산부 및 수유부는 섭취에 주의
-특정 질환(알레르기 체질 등)이 있는 분은 섭취에 주의
-이상사례 발생 시 섭취를 중단하고 전문가와 상담할 것","(국문) 체지방 감소에 도움을 줄 수 있음
(영문) May help to reduce body fat",600,600,mg,,총 폴리페놀,20191226,20201029
로즈마리자몽추출복합물(Nutroxsun)(제2019-25호),"-영·유아, 어린이, 임산부 및 수유부는 섭취에 주의
-특정질환(알레르기 체질 등)이 있는 분은 섭취에 주의
-이상사례 발생 시 섭취를 중단하고 전문가와 상담할 것
-의약품(혈압강하제, 부정맥치료제, 고지혈증치료제, 항응고제 등)을 복용하시는 분은 섭취 전 의사와 상담","(국문) 자외선에 의한 피부손상으로부터 피부건강을 유지하는데 도움을 줄 수 있음
(영문) May help to maintain skin health from skin damage by UV radiation",100,250,mg/일,[20.2.27]일일섭취량 변경,"Carnosic acid와 carnosol의 합(로즈마리추출물), Naringin(자몽추출물)",20191226,20210630
석류농축분말(제2018-8호),"-영·유아, 어린이, 임산부와 수유부는 섭취에 주의
-에스트로겐 호르몬에 민감한 사람은 섭취에 주의","(국문)
1. 피부 보습에 도움을 줄 수 있음 
2. 자외선에 의한 피부 손상으로부터 피부건강을 유지하는데 도움을 줄 수 있음 
(영문)
1. Help to maintain skin moisturizing
2. Help to maintain skin health from skin damage by UV radiation",1,1,g/일,,엘라그산(Ellagic acid),20191226,20201029
깻잎추출물(PF501)(제2019-3호),"영·유아, 어린이, 임산부 및 수유부는 섭취에 주의","(국문) 체지방 감소에 도움을 줄 수 있음
(영문) May help to reduce body fat",2.7,2.7,g/일,,Ursolic acid,20191226,20201029
Lactobacillus acidophilus YT1(제2019-22호),"-질환이 있거나 의약품(면역억제제 등) 복용 시 전문가와 상담할 것
-알레르기 체질 등은 개인에 따라 과민반응을 나타낼 수 있음
-어린이가 함부로 섭취하지 않도록 일일섭취량 방법을 지도할 것
-이상사례 발생 시 섭취를 중단하고 전문가와 상담할 것",(국문) 갱년기 여성 건강에 도움을 줄 수 있음 (영문) May help to menopausal womens health,100000000,100000000,CFU,,프로바이오틱스 수,20191226,20201008
리스펙타(Respecta®)[프로바이오틱스 등 복합물](제2019-26호),"(1) 영·유아, 어린이, 임산부 및 수유부는 섭취에 주의 (2) 우유, 유제품 및 기타 제품에 대해 알레르기가 있는 사람은 섭취에 주의 (3) 이상사례 발생 시 섭취를 중단하고 전문가와 상담할 것",(국문) 질내 유익균 증식 및 유해균 억제에 도움을 줄 수 있음 (영문) May help to proliferate vaginal beneficial flora and to suppress pathogenic bacteria,124.35,124.35,mg/일,일일섭취량 :  리스펙타(Respecta®)로서 124.35 mg/일(유산균으로서 5x109 CFU이상),"프로바이오틱스 수, 락토페린",20191226,20220120
그린커피빈주정추출물(제2018-6호),"-영·유아, 어린이, 임산부 및 수유부는 섭취에 주의
-카페인이 함유되어 있어 초조감, 불면 등을 나타낼 수 있음","(국문) 체지방 감소에 도움을 줄 수 있음
(영문) May help to reduce body fat",500,500,mg/일,,클로로겐산(Chlorogenic acid),20191226,20201029
미강주정추출물(제2018-3호),"-영·유아, 어린이, 임산부 및 수유부는 섭취에 주의
-의약품(항히스타민제 또는 중추신경계억제제)과 병용섭취 시 주의","(국문) 수면에 도움을 줄 수 있음
(영문) May help to sleep",1,1,g/일,,감마-오리자놀(γ-Oryzanol),20191226,20201029
수국잎열수추출물(제2020-7호),"-영·유아, 어린이, 임산부 및 수유부는 섭취에 주의
-특정 질환(알레르기 체질 등)이 있는 분은 섭취에 주의
-이상사례 발생 시 섭취를 중단하고 전문가와 상담할 것","(국문)
-피부보습에 도움을 줄 수 있음
-자외선에 의한 피부손상으로부터 피부건강 유지에 도움을 줄 수 있음
(영문)
-May help to maintain skin moisturizing
-May help to maintain skin health from skin damage by UV radiation",300,600,mg/일,수국잎열수추출물(제2020-7호),하이드란제놀(Hydrangenol),20200728,20210630
풋사과추출물 애플페논(Applephenon)(제2021-6호),"-영·유아, 어린이, 임산부 및 수유부는 섭취에 주의
-특정 질환(알레르기 체질 등)이 있는 분은 섭취에 주의
-이상사례 발생 시 섭취를 중단하고 전문가와 상담할 것","(국문) 체지방 감소에 도움을 줄 수 있음
(영문) May help to reduce body fat",600,600,mg,풋사과추출물 애플페논(Applephenon)(제2021-6호),총 폴리페놀,20210827,20210827
모로오렌지추출분말(Morosil®)(제2021-7호),"(1)영·유아, 어린이, 임산부 및 수유부는 섭취에 주의 (2)특정 질환(알러지 체질 등)이 있는 분은 섭취에 주의 (3)이상사례 발생 시 섭취를 중단하고 전문가와 상담할 것 (4)식사조절, 운동을 병행하는 것이 체지방 감소에 효과적임",(국문) 체지방 감소에 도움을 줄 수 있음 (영문) May help to reduce body fat,400,400,mg,제2021-7호,Cyanidin-3-O-glucoside,20211018,20211215
감잎주정추출분말(제2022-18호),"(1) 영·유아, 어린이, 임산부 및 수유부는 섭취에 주의할 것
(2) 특정질환(알레르기 체질 등)이 있는 분은 섭취에 주의
(3) 이상사례 발생 시 섭취를 중단하고 전문가와 상담할 것","(국문) 건조한 눈을 개선하여 눈건강에 도움을 줄 수 있음
(영문) May help to maintain eyes healthy by relieving dryness",600,600,mg/일,제2022-18호,Astragalin(아스트라갈린),20220711,20220713
크릴오일(FJH-KO)(제2022-41호),"(1) 영·유아, 어린이, 임산부 및 수유부는 섭취에 주의
(2) 특정질환(알레르기 체질 등)이 있는 분은 섭취에 주의
(3) 이상사례 발생 시 섭취를 중단하고 전문가와 상담할 것
(4) 질환이 있거나 의약품 복용 시 전문가와 상담할 것","(국문)․관절건강에 도움을 줄 수 있음
      ․혈소판 응집억제를 통한 혈행개선에 도움을 줄 수 있음
(영문)․May help to maintain healthy joint
      ․May help to improve blood circulation by inhibiting platelet aggregation",1.5,1.5,g/일,제2022-41호,EPA(Eicosapentaenoic acid)와 DHA(Docosahexaenoic acid)의 합,20230410,20260730
가다랑어 엘라스틴 펩타이드(VGPG Elastin®)(제2022-38호),"(1) 영·유아, 어린이, 임산부 및 수유부는 섭취에 주의할 것
(2) 특정 질환(알레르기 체질 등)이 있는 분은 섭취에 주의할 것
(3) 이상사례 발생 시 섭취를 중단하고 전문가와 상담할 것","(국문) ① 피부보습에 도움을 줄 수 있음
          ② 자외선에 의한 피부손상으로부터 피부건강 유지에 도움을 줄 수 있음
(영문) ① May help to maintain skin moisturizing
          ② May help to maintain skin health from skin damage by UV radiation",100,100,mg/일,제2022-38호,"Glycine, L-valylglycyl-L-prolyl-(VGPG), 데스모신 및 이소데스모신(Desmosine and Isodesmosine)",20230614,20230614
크릴오일(SuperbaTM Boost)(제2023-13호),"(1) 영·유아, 어린이, 임산부 및 수유부는 섭취에 주의할 것
(2)  특정질환(알레르기 체질 등)이 있는 분은 섭취에 주의할 것 
(3)  이상사례 발생 시 섭취를 중단하고 전문가와 상담할 것
(4) 의약품(항응고제, 항혈소판제 등) 복용 시 전문가와 상담할 것","(국문) 체지방 감소에 도움을 줄 수 있음
(영문) May help to reduce body fat",1,2,g/일,제2023-13호,EPA(Eicosapentaenoic acid)와 DHA(Docosahexaenoic acid)의 합,20230616,20230616
옥수수수염·레몬밤추출복합물(CL-5MoA)(제2023-8호),"(1) 영·유아, 어린이, 임산부 및 수유부는 섭취를 피할 것
(2) 특정질환(알레르기 체질 등)이 있는 분은 섭취에 주의할 것 
(3) 이상사례 발생 시 섭취를 중단하고 전문가와 상담할 것
(4) 의약품(항당뇨제, 수면유도제, 갑상선호르몬제, 중추신경억제제)을 복용하시는 분은 섭취 전 전문의와 상담할 것","(국문) 체지방 감소에 도움을 줄 수 있음
(영문) May help to reduce body fat",1,1,g/일,제2023-8호,"알란토인(Allantoin), 로즈마린산(Rosmarinic acid)",20230711,20230711
Bifidobacterium breve B-3 프로바이오틱스(제2023-2호),"(1) 영·유아, 어린이, 임산부 및 수유부는 섭취를 피할 것
(2) 특정질환(알레르기 체질 등)이 있는 분은 섭취에 주의할 것
(3) 질환이 있거나 의약품 복용 시 전문가와 상담할 것 
(4) 이상사례 발생 시 섭취를 중단하고 전문가와 상담할 것","(국문) ① 체지방 감소에 도움을 줄 수 있음
         ② 노화로 인해 저하된 인지기능 개선에 도움을 줄 수 있음
(영문) ① May help to reduce body fat
        ② May help to improve cognitive function affected by aging",5000000000,5000000000,CFU/일,제2023-2호,프로바이오틱스 수(비피더스균 수),20230717,20260730
저분자 피쉬 콜라겐 펩타이드 (Naticol® BPMG)(제2023-24호),"(1) 영‧유아, 어린이, 임산부 및 수유부는 섭취를 피할 것
(2) 특정질환(알레르기 체질 등)이 있는 분은 섭취에 주의할 것
(3) 이상사례 발생 시 섭취를 중단하고 전문가와 상담할 것","(국문) ① 피부 보습에 도움을 줄 수 있음
          ② 자외선에 의한 피부 손상으로부터 피부 건강을  유지하는데 도움을 줄 수 있음
(영문) ① May help to moisturize (dry) skin
          ② May help to maintain good skin health by protecting against damage from UV exposure",1.5,1.5,g/일,제2023-24호,Gly-Ala-Val-Gly-Pro-Ala,20230804,20230804
다이크로스타키스 글로메라타 추출물(DyglomeraⓇ)(제2023-9호),"(1) 영·유아, 어린이, 임산부 및 수유부는 섭취를 피할 것
(2) 특정질환(알레르기 체질 등)이 있는 분은 섭취에 주의
(3) 이상사례 발생 시 섭취를 중단하고 전문가와 상담할 것","(국문) 체지방 감소에 도움을 줄 수 있음
(영문) May help to reduce body fat",400,400,mg/일,제2023-9호,"미리세틴(Myricetin), 루테올린(Luteolin)",20230807,20230807
L. curvatus HY7601와 L. plantarum KY1032의 프로바이오틱스 복합물(제2019-4호),"(1) 질환이 있거나 의약품(면역억제제 등) 복용 시 전문가와 상담할 것
(2) 알레르기 체질 등은 개인에 따라 과민반응을 나타낼 수 있음
(3) 어린이가 함부로 섭취하지 않도록 일일섭취량 방법을 지도할 것
(4) 이상사례 발생 시 섭취를 중단하고 전문가와 상담할 것","(국문) 체지방 감소에 도움을 줄 수 있음
(영문) May help to reduce body fat",10000000000,10000000000,CFU/일,,프로바이오틱스 수,20230810,20230810
크릴오일등복합물(FlexPro MDⓇ)(제2022-39호),"(1) 영·유아, 어린이, 임산부 및 수유부는 섭취에 주의
(2) 특정질환(알레르기 체질 등)이 있는 분은 섭취에 주의
(3) 이상사례 발생 시 섭취를 중단하고 전문가와 상담할 것
(4) 질환이 있거나 의약품 복용 시 전문가와 상담할 것
(5) 과다 섭취 시 일시적으로 피부가 황색으로 변할 수 있음
(6) β-카로틴의 흡수를 저해할 수 있음","(국문) 관절건강에 도움을 줄 수 있음
(영문) May help to maintain healthy joint",462,462,mg/일,2022-39호,"EPA(Eicosapentaenoic acid)와 DHA(Docosahexaenoic acid)의 합, 아스타잔틴(Astaxanthin), 히알루론산나트륨(Sodium hyaluronate)",20230912,20230912
Bacillus coagulans SNZ 1969 프로바이오틱스(제2023-34호),"(1) 영·유아, 임산부 및 수유부는 섭취를 피할 것
(2) 특정질환(알레르기 체질 등)이 있는 분은 섭취에 주의할 것
(3) 어린이가 함부로 섭취하지 않도록 일일 섭취량 방법을 지도할 것
(4) 질환이 있거나 의약품 복용 시 전문가와 상담할 것
(5) 이상사례 발생 시 섭취를 중단하고 전문가와 상담할 것","(국문) 배변활동 원활에 도움을 줄 수 있음
(영문) May help to improve bowel movements",1000000000,1000000000,CFU/일,제2023-34호,프로바이오틱스 수,20231120,20231120
삼백초추출물(LHF618)(제2023-31호),"(1) 영·유아, 어린이, 임산부 및 수유부는 섭취를 피할 것
(2) 특정질환(알레르기 체질 등)이 있는 분은 섭취에 주의할 것
(3) 이상사례 발생 시 섭취를 중단하고 전문가와 상담할 것","(국문) 면역과민반응에 의한 코상태 개선에 도움을 줄 수 있음
(영문) May help to improve nasal condition caused by hypersensitivity reaction",450,450,mg/일,제2023-31호,미퀠리아닌(Miquelianin),20240109,20240109
콘드로이친 황산염(제2020-1호),"(1) 영·유아, 어린이, 임산부 및 수유부는 섭취에 주의할 것
(2) 이상사례 발생 시 섭취를 중단하고 전문가와 상담할 것
(3) 특정질환(알레르기 체질 등)이 있는 분은 섭취에 주의할 것
(4) 수술 전후 또는 항응고제, 항혈소판제, 비스테로이드계 항염증약 복용자는 섭취 전 전문의와 상담할 것
(5) 천식이 있는 사람은 섭취 전 전문의와 상담할 것","(국문) 관절 및 연골 건강에 도움을 줄 수 있음
(영문) May help maintain healthy joint",1200,1200,mg/일,제2020-1호,Chondroitin sulfate sodium,20240122,20240122
참나리추출분말(제2023-43호),"(1 )영·유아, 어린이, 임산부 및 수유부는 섭취를 피할 것
(2) 특정질환(알레르기 체질 등)이 있는 분은 섭취에 주의
(3) 이상사례 발생 시 섭취를 중단하고 전문가와 상담할 것","(국문) 관절건강에 도움을 줄 수 있음
(영문) May help to maintain healthy joint",1,1,1 g/일,제2023-43호,레갈로사이드 A(Regaloside A),20240325,20240325
당귤농축분말(ROCH)(제2023-44호),"(1) 영·유아, 어린이, 임산부 및 수유부는 섭취를 피할 것
(2) 특정질환(알레르기 체질 등)이 있는 분은 섭취에 주의할 것
(3) 이상사례 발생 시 섭취를 중단하고 전문가와 상담할 것","(국문)
  ① 피부 보습에 도움을 줄 수 있음
  ② 자외선에 의한 피부 손상으로부터 피부 건강을 유지하는데 도움을 줄 수 있음
(영문)
  ① May help to moisturize (dry) skin
  ② May help to maintain good skin health by protecting against damage from UV exposure",100,100,mg/일,제2023-44호,헤스페리딘(Hesperidin),20240328,20240328
타마린드강황주정추출복합물(TamaFlexⓇ)(제2024-12호),"(1) 영·유아, 어린이, 임산부 및 수유부는 섭취를 피할 것 
(2) 특정질환(알레르기 체질 등)이 있는 분은 섭취에 주의
(3) 이상사례 발생 시 섭취를 중단하고 전문가와 상담할 것 
(4) 질환이 있거나 의약품 복용 시 전문가와 상담할 것
(5) 수술 전후에는 섭취에 주의할 것
(6) 제안된 섭취량 이상 섭취 시 소화불량, 위장장애, 메스꺼움, 위산역류 등이 있을 수 있음","(국문) 관절 및 연골 건강에 도움을 줄 수 있음
(영문) May help to maintain joint and cartilage health",250,250,mg/일,제2024-12호,"프로토카테츄산(Protocatechuic acid), 커큐민(Curcumin)",20240429,20240429
난각막가수분해물(NEM®)(제2024-9호),"(1) 영·유아, 어린이, 임산부 및 수유부는 섭취를 피할 것
(2) 특정질환(계란에 대한 특이체질, 알레르기 체질 등)이 있는 분은 섭취에 주의할 것 
(3) 이상사례 발생 시 섭취를 중단하고 전문가와 상담할 것","(국문) 관절 및 연골 건강에 도움을 줄 수 있음
(영문) May help to maintain joint and cartilage health",500,500,mg/일,제2024-9호,Ser-Trp-Val-Glu(SWVE),20240508,20240508
기장밀추출복합물(KeranatTM)(제2024-16호),"(1) 영·유아, 어린이, 임산부 및 수유부는 섭취를 피할 것
(2) 특정질환(알레르기 체질 등)이 있는 분은 섭취에 주의
(3) 이상사례 발생 시 섭취를 중단하고 전문가와 상담할 것","(국문) 모발상태(윤기·탄력) 개선에 도움을 줄 수 있음
(영문) May help to improve hair condition (luster·elasticity)",300,300,mg/일,제2024-16호,"밀리아신(Miliacin), 글루코실세라미드(Glucosylceramide)",20240703,20240703
보스웰리아추출물(제2024-15호),"(1) 영·유아, 어린이, 임산부 및 수유부는 섭취를 피할 것
(2) 특정질환(알레르기 체질 등)이 있는 분은 섭취에 주의
(3) 이상사례 발생 시 섭취를 중단하고 전문가와 상담할 것","(국문) 관절건강에 도움을 줄 수 있음
(영문) May help to maintain healthy joint",500,500,mg/일,제2024-15호,3-Acetyl-11-keto-β-boswellic acid(AKBA)와  11-Keto-β-boswellic acid(KBA)의 합,20240711,20240711
팔밋올레산 함유 명태(알래스카폴락)유래 정제어유(제2024-18호),"(1) 영·유아, 어린이, 임산부 및 수유부는 섭취를 피할 것
(2) 특정질환(알레르기 체질 등)이 있는 분은 섭취에 주의할 것
(3) 이상사례 발생 시 섭취를 중단하고 전문가와 상담할 것","(국문) ① 피부 보습에 도움을 줄 수 있음, ② 자외선에 의한 피부 손상으로부터 피부 건강을 유지하는데 도움을 줄 수 있음
(영문) ① May help to moisturize (dry) skin, ② May help to maintain good skin health by protecting against damage from UV exposure",1,1,g/일,제2024-18호,"(1) 팔밋올레산(Palmitoleic acid), (2) 팔밋올레산(Palmitoleic acid) : 팔미트산(Palmitic acid)",20240722,20240722
오미자·두충·구기자추출복합물(제2024-13호),"(1) 영유아, 어린이, 임산부 및 수유부는 섭취를 피할 것
(2) 특정질환(알레르기 체질 등)이 있는 분은 섭취시 주의할 것
(3) 이상사례 발생 시 섭취를 중단하고 전문가와 상담할 것
(4) 의약품(항응고제 등)과 복용 시 섭취에 주의","(국문) 뼈 건강에 도움을 줄 수 있음
(영문) May help to maintain healthy bone",253,253,mg/일,제2024-13호,"쉬잔드린(Schizandrin), 제니포시딕산(Geniposidic acid)  베타인(Betaine)",20240725,20240725
정어리펩타이드 SP100N(제2004-1호),"(1) 고혈압치료제 등 복용 시 전문가와 상담할 것
(2) 이상사례 발생 시 섭취를 중단하고 전문가와 상담할 것","(국문) 혈압을 조절하는데 도움을 줄 수 있음
(영문) May help to maintain healthy blood pressure",250,400,μg,,"바릴티로신, 펩타이드",20191226,20210630
자일리톨(제2004-2호),(1) 이상사례 발생 시 섭취를 중단하고 전문가와 상담할 것,(국문) 충치발생 위험 감소에 도움을 줌(치아건강) (영문) Can help to reduce risk of caries occurrence(dental health),5,10,g,,자일리톨,20191226,20220120
참당귀뿌리추출물(제2004-6호),"①소화불량, 속쓰림 등이 나타날 수 있습니다.②혈액응고방지제 또는 혈당강하제를 복용하시는 분은 의사의 상담 하에 사용하여 주십시오.",노인의 인지능력저하 개선에 도움을 줄 수 있음(기타기능II),799.9,800.1,mg,,참당귀뿌리추출물(기능성원료인정제2004-6호),20191226,20191226
포도종자추출물(제2005-9호),,항산화능 증진에 도움을 줄 수 있음(기타기능II),199.99,300.01,mg,,포도종자추출물(기능성원료인정제2005-9호),20191226,20191226
카제인가수분해물(제2006-19호),"-임산부, 수유부는 섭취를 삼가시기 바랍니다
-어린이, 노인, 신부전이 있는 사람, 혈압약을 복용하시는 분이 섭취 시에는 의사와 상담하셔야 합니다",혈압이 걱정되시는 분에게 도움을 줄 수 있음(기타기능II),4000,4000,mg,,Phe-Phe-Val-Ala-Pro-Phe-Pro-Glu-Val-Phe-Gly-Lys,20191226,20201029
올리브잎주정추출물 EFLA943(제2006-25호),"-위, 간 및 신장 질환이 있거나 고혈압치료제 등 복용 시
전문가와 상의 할 것
-이상사례 발생 시 섭취를 중단하고 전문가와 상담할 것","(국문) 혈압조절에 도움을 줄 수 있음
(영문) May help to maintain healthy blood pressure",500,1000,mg,,Oleuropein,20191226,20201029
솔잎증류농축액(제2007-8호),"①기관지 천식, 해소 기침이나 기도에 심한 염증이 있는 사람은 사용을 금하시기 바랍니다.",건강한 혈당유지에 도움,1349.9,1350.1,mg,,솔잎증류농축액(기능성원료인정제2007-8호),20191226,20191226
콩발효추출물(제2007-10호),,당의 흡수를 억제하여 식후혈당을 건강하게 유지하는데 도움을 줄 수 있음(기타기능II),900,900,mg,,"α-Glucosidase 활성 억제능(IC50)/Tris(2-Amino-2-(hydroxymethyl)-1,3-propanediol)",20191226,20201029
돌외잎추출물(제2015-7호),"-과량 섭취 시 위장장애(구토와 위장운동 증가)가 발생할 수 있음
-아스피린, 혈액항응고제 복용 시 섭취에 주의","(국문) 스트레스로 인한 긴장완화에 도움을 줄 수 있음
(영문) May help to relaxation of tension by stress",400,400,mg,,Ombuoside,20191226,20201029
오미자추출물(제2016-21호),,갱년기 여성 건강에 도움을 줄 수 있음(생리활성기능 2등급),783,783,mg/일,,"쉬잔드린(Schizandrin), 고미신 A(Gomisin A), 고미신 N(Gomisin N)",20191226,20210316
레몬 밤 추출물 혼합분말(제2010-24호),"-알레르기 반응이 나타날 경우에는 섭취를 중단하시기 바랍니다
-섭취 후 진정작용이 나타날 수 있습니다
-어린이 및 임산부와 수유부 여성은 섭취에 주의하시기 바랍니다",체지방 감소에 도움을 줄 수 있음 (기타기능II),1380,1380,mg/일,건강기능식품 기능성 원료 인정,"rosmarinic acid(레몬밤), 1-Deoxynojirimycin(뽕나무잎), 6,7-Dimethylesculetin(인진쑥)",20191226,20201029
호로파종자 등 추출복합물(제2017-5호),땅콩 알레르기가 있는 사람은 섭취에 주의,"(국문) 남성의 갱년기 건강에 도움을 줄 수 있음
(영문) May help to climacteric mens health",400,400,mg/일,,"4-Hydroxy-L-isoleucine(호로파종자추출분말), D-pinitol(비수리추출분말)",20191226,20201029
세리포리아 락세라타 균사체 배양물(제2018-5호),"-영·유아, 어린이, 임산부 및 수유부는 섭취에 주의
-알레르기 체질이거나 특정질환이 있는 분은 섭취 전 의사와 상담","(국문) 혈당조절에 도움을 줄 수 있음
(영문) May help to maintain healthy blood glucose leve",3,3,g/일,,베타글루칸(β-glucan),20191226,20201029
Akkermansia muciniphila HB05 열처리배양건조물(HB05P)(제2025-72호),"(1) 영유아, 어린이, 임산부 및 수유부는 섭취를 피할 것
(2) 특정질환(알레르기 체질 등)이 있는 분은 섭취에 주의할 것
(3) 이상사례 발생 시 섭취를 중단하고 전문가와 상담할 것","(국문) 노화로 인해 감소될 수 있는 근력 유지에 도움을 줄 수 있음
(영문) May help to maintain muscle strength which can be affected by aging",150,150,mg/일,제2025-72호,Akkermansia muciniphila HB05 열처리배양균체수(사균체),20260108,20260108
저분자유청펩타이드(제2024-29호),"(1) 영·유아, 어린이, 임산부 및 수유부는 섭취를 피할 것
(2) 특정질환(우유 및 유제품에 대한 알레르기 체질 등)이 있는 분은 섭취에 주의할 것
(3) 이상사례 발생 시 섭취를 중단하고 전문가와 상담할 것","(국문) · 노화로 인해 감소될 수 있는 근력 유지에 도움을 줄 수 있음
          · 근력운동과 병행 시 체지방 감소에 도움을 줄 수 있음
(영문) · May help to maintain muscle strength which can be affected by aging
          ․May help to reduce body fat by combining with muscle strength exercise",10,10,g/일,제2024-29호,Gly-Thr-Trp-Tyr,20260119,20260119
Weissella cibaria CMU 프로바이오틱스(제2026-2호),"(1) 영·유아, 임산부 및 수유부는 섭취를 피할 것
(2) 특정질환(알레르기 체질 등)이 있는 분은 섭취에 주의할 것
(3) 이상사례 발생 시 섭취를 중단하고 전문가와 상담할 것
(4) 질환이 있거나 의약품 복용 시 전문가와 상담할 것
(5) 어린이가 함부로 섭취하지 않도록 일일섭취량 방법을 지도할 것","(국문) 잇몸건강에 도움을 줄 수 있음
(영문) May help to improve gum health",400000000,400000000,CFU/일,제2026-2호,프로바이오틱스 수,20260224,20260224
미역석류씨추출복합물(잔티젠)(제2013-10호),"(1) 영·유아, 어린이, 임산부 및 수유부는 섭취를 피할 것
(2) 석류에 알레르기를 나타내는 사람은 섭취에 주의할 것
(3) 에스트로겐 호르몬에 민감한 사람은 섭취에 주의할 것
(4) 이상 사례 발생 시 섭취를 중단하고 전문가와 상담할 것","(국문) 체지방 감소에 도움을 줄 수 있음
(영문) May help to reduce body fat",600,600,mg/일,제2013-10호,"후코잔틴(Fucoxanthin), 푸닉산(Punicic acid)",20260316,20260316
강황추출물(제2025-53호),"(1) 영·유아, 임산부 및 수유부는 섭취를 피할 것
(2) 특정질환(알레르기 체질 등)이 있는 분은 섭취에 주의할 것
(3) 이상사례 발생 시 섭취를 중단하고 전문가와 상담할 것
(4) 질환이 있거나 의약품 복용 시 전문가와 상담할 것
(5) 제안된 섭취량 이상 섭취 시 소화불량, 위장장애, 메스꺼움, 위산역류 등이 있을 수 있음
(6) 수술 전후 섭취에 주의","(국문) 노화로 인해 저하된 인지기능 개선에 도움을 줄 수 있음
(영문) May help to improve cognitive function affected by aging",400,400,mg/일,제2025-53호,"총 커큐미노이드 (Curcumin, Desmethoxycurcumin 및 Bisdesmethoxycurcumin의 합)",20260520,20260520
삽주추출분말(제2026-8호),"(1) 영·유아, 어린이, 임산부 및 수유부는 섭취를 피할 것
(2) 특정질환(국화과 알레르기 체질 등)이 있는 분은 섭취에 주의할 것
(3) 이상사례 발생 시 섭취를 중단하고 전문가와 상담할 것","(국문) 기관·기관지 상태(기침·가래 등) 개선에 도움을 줄 수 있음
(영문) May help to improve trachea·bronchi condition (cough·sputum etc)",1,1,g/일,제2026-8호,아틀락틸레놀리드 Ⅲ(Atractylenolide Ⅲ),20260707,20260707
Latilactobacillus sakei LB-P12 프로바이오틱스(제2025-55호),"(1) 영·유아, 어린이, 임산부 및 수유부는 섭취를 피할 것
(2) 특정 질환(알레르기 체질 등)이 있거나 의약품 복용 시 전문가와 상담할 것
(3) 이상사례 발생 시 섭취를 중단하고 전문가와 상담할 것","(국문) 관절건강에 도움을 줄 수 있음
(영문) May help to maintain healthy joint",10000000000,10000000000,CFU/일,제2025-55호,프로바이오틱스 수,20260825,20260825
Latilactobacillus sakei K040706 열처리배양건조물(노바사케이)(제2026-10호),"(1) 영·유아, 어린이, 임산부 및 수유부는 섭취를 피할 것
(2) 특정질환(알레르기 체질, 단장증후군 등)이 있는 분은 섭취에 주의할 것
(3) 이상사례 발생 시 섭취를 중단하고 전문가와 상담할 것","(국문) 면역기능 증진에 도움을 줄 수 있음
(영문) May help to improve immune function",10,10,mg/일,제2026-10호,열처리배양균체 수,20260904,20260904
Lacticaseibacillus paracasei subsp. paracasei 327(K-1) 열처리배양건조물(제2025-43호),"(1) 영‧유아, 어린이, 임산부 및 수유부는 섭취를 피할 것
(2) 특정질환(알레르기 체질 등)이 있는 분은 섭취에 주의할 것
(3) 이상사례 발생 시 섭취를 중단하고 전문가와 상담할 것
(4) 질환이 있거나 의약품 복용 시 전문가와 상담할 것","(국문) 배변활동 원활에 도움을 줄 수 있음
(영문) May help to improve bowel movement",50,50,mg/일,제2025-43호,사균체 수,20251224,20251224
덖음귤피추출분말(JRC)(제2025-24호),"(1) 영유아, 어린이, 임산부 및 수유부는 섭취를 피할 것
(2) 특정질환(알레르기 체질 등)이 있는 분은 섭취에 주의할 것
(3) 이상사례 발생 시 섭취를 중단하고 전문가와 상담할 것
(4) 항응고제 또는 혈압조절제를 복용하거나 혈압이 낮은 경우 전문가와 상담할 것","(국문) 체지방 감소에 도움을 줄 수 있음
(영문) May help to reduce body fat",300,300,mg/일,제2025-24호,헤스페리딘(Hesperidin),20260123,20260123
락토페린LF300(우유유래정제단백질)(제2023-38호),"(1) 임산부 및 수유부는 섭취를 피할 것
(2) 특정질환(우유 및 유제품에 대한 알레르기 체질 등)이 있는 분은 섭취에 주의할 것
(3) 이상사례 발생 시 섭취를 중단하고 전문가와 상담할 것","(국문) 면역기능 증진에 도움을 줄 수 있음
(영문) May help to improve immune function",300,300,mg/일,제2023-38호,락토페린(Lactoferrin),20260304,20260304
미배아발효분말(제2025-66호),"(1) 영‧유아, 어린이, 임산부 및 수유부는 섭취를 피할 것
(2) 특정질환(알레르기 체질 등)이 있는 분은 섭취에 주의할 것
(3) 이상사례 발생 시 섭취를 중단하고 전문가와 상담할 것","(국문) · 수면의 질 개선에 도움을 줄 수 있음
      · 자외선에 의한 피부 손상으로부터 피부 건강 유지에 도움을 줄 수 있음
      · 피부 보습에 도움을 줄 수 있음
(영문) · May help to improve sleep quality
      · May help to maintain skin health from skin damage by UV radiation
      · May help to maintain skin moisturizing",500,500,mg/일,제2025-66호,"감마-아미노부틸산(γ-aminobutyric acid, GABA)",20260331,20260716
락추로스분말(제2009-40호),"(1) 영‧유아, 임산부 및 수유부는 섭취를 피할 것
(2) 특정질환(당뇨병, 갈락토스혈증 등), 알레르기가 있는 사람은 섭취에 주의할 것
(3) 과다 섭취 시 위장관계 계통의 이상 반응 및 전해질 이상 등이 나타날 수 있음
(4) 이상 사례 발생 시 섭취를 중단하고 전문가와 상담할 것","(국문) 유익균 증식, 유해균 억제에 도움을 줄 수 있음
(영문) May help to increase beneficial intestinal flora and suppress pathogenic bacteria",650,3000,mg,제2009-40호,락추로스(Lactulose),20260527,20260527
강황추출물(제2025-54호),"(1) 영·유아, 임산부 및 수유부는 섭취를 피할 것
(2) 특정질환(알레르기 체질 등)이 있는 분은 섭취에 주의할 것
(3) 이상사례 발생 시 섭취를 중단하고 전문가와 상담할 것
(4) 질환이 있거나 의약품 복용 시 전문가와 상담할 것
(5) 제안된 섭취량 이상 섭취 시 소화불량, 위장장애, 메스꺼움, 위산역류 등이 있을 수 있음
(6) 수술 전후 섭취에 주의","(국문) 노화로 인해 저하된 인지기능 개선에 도움을 줄 수 있음
(영문) May help to improve cognitive function affected by aging",400,400,mg/일,제2025-54호,"총 커큐미노이드 (Curcumin, Desmethoxycurcumin 및 Bisdesmethoxycurcumin의 합)",20260707,20260707
Bacillus coagulans BC99 프로바이오틱스(제2026-5호),"(1) 영·유아, 어린이, 임산부 및 수유부는 섭취를 피할 것
(2) 특정질환(알레르기 체질, 단장증후군 등)이 있는 분은 섭취에 주의할 것
(3) 이상사례 발생 시 섭취를 중단하고 전문가와 상담할 것","(국문) 배변활동 원활에 도움을 줄 수 있음
(영문) May help to improve bowel movement",2000000000,2000000000,CFU/일,제2026-5호,프로바이오틱스 수,20260807,20260807
상추추출물(제2025-21호),"(1) 영유아, 어린이, 임산부 및 수유부는 섭취를 피할 것
(2) 특정질환(알레르기 체질 등)이 있는 분은 섭취에 주의할 것
(3) 이상사례 발생 시 섭취를 중단하고 전문가와 상담할 것","(국문) 수면 건강에 도움을 줄 수 있음
(영문) May help to improve sleep quality",1000,1000,mg/일,제2025-21호,치코릭산(Chicoric acid),20260916,20260916
Lacticaseibacillus paracasei HY7017 프로바이오틱스(제2025-69호),"(1) 영·유아, 임산부 및 수유부는 섭취를 피할 것
(2) 특정질환(알레르기 체질, 단장증후군 등)이 있거나 의약품 복용 시 전문가와 상담할 것
(3) 어린이가 함부로 섭취하지 않도록 일일섭취량 방법을 지도할 것
(4) 이상사례 발생 시 섭취를 중단하고 전문가와 상담할 것
(5) 알레르기 체질 등은 개인에 따라 과민반응을 나타낼 수 있음","(국문) 면역기능 증진에 도움을 줄 수 있음
(영문) May help to improve immune function",5000000000,5000000000,CFU/일,제2025-69호,프로바이오틱스 수,20251230,20251230
마리골드꽃주정추출물(지아잔틴함유)(제2025-70호),「건강기능식품의 기준 및 규격」제3.2.2-26 마리골드꽃추출물에 따름,「건강기능식품의 기준 및 규격」제3.2.2-26 마리골드꽃추출물에 따름,24,24,mg/일,제2025-70호,"루테인(Lutein), 총 지아잔틴(Total Zeaxanthin)",20260128,20260128
아쉬아간다추출물(KSM-66®)(제2025-67호),"(1) 영유아, 어린이, 임산부 및 수유부는 섭취를 피할 것
(2) 특정질환(알레르기 체질 등)이 있는 분은 섭취에 주의할 것
(3) 이상사례 발생 시 섭취를 중단하고 전문가와 상담할 것
(4) 졸음을 유발하는 약물(신경 안정제 등)과 병용섭취하지 말 것
(5) 과다 섭취하지 말 것","(국문) 스트레스로 인한 긴장완화에 도움을 줄 수 있음
(영문) May help to relaxation of tension by stress",250,600,mg/일,제2025-67호,위타놀라이드 A(Withanolide A),20260304,20260304
콘드로이친황산염(제2026-16호),"(1) 영·유아, 어린이, 임산부 및 수유부는 섭취를 피할 것
(2) 특정질환(알레르기 체질 등)이 있는 분은 섭취에 주의할 것
(3) 이상사례 발생 시 섭취를 중단하고 전문가와 상담할 것
(4) 수술 전후 또는 항응고제, 항혈소판제, 비스테로이드계 항염증약 복용자는 섭취 전 전문의와 상담할 것
(5) 천식이 있는 사람은 섭취 전 전문의와 상담할 것","(국문) 관절 및 연골 건강에 도움을 줄 수 있음
(영문) May help to maintain joint and cartilage health",1200,1200,mg/일,제2026-16호,콘드로이친 황산나트륨(Chondroitin sulfate sodium),20260420,20260420
어린도두꼬투리추출물(제2025-60호),"(1) 영‧유아, 어린이, 임산부 및 수유부는 섭취를 피할 것
(2) 특정질환(알레르기 체질 등)이 있는 분은 섭취에 주의할 것
(3) 이상사례 발생 시 섭취를 중단하고 전문가와 상담할 것","(국문) 면역과민반응에 의한 코상태 개선에 도움을 줄 수 있음
(영문) May help to improve nasal condition caused by hypersensitivity reaction",1,1,g/일,제2025-60호,피니톨(Pinitol),20260609,20260609
Lactobacillus delbrueckii subsp. lactis CKDB001 프로바이오틱스(제2026-13호),"(1) 영·유아, 어린이, 임산부 및 수유부는 섭취를 피할 것
(2) 특정질환(알레르기 체질, 단장증후군 등)이 있는 분은 섭취에 주의할 것
(3) 이상사례 발생 시 섭취를 중단하고 전문가와 상담할 것","(국문) 노화로 인해 저하된 인지기능 개선에 도움을 줄 수 있음
(영문) May help to improve cognitive function affected by aging",5000000000,5000000000,CFU,제2026-13호,프로바이오틱스 수,20260813,20260813
지초추출분말(제2025-52호),"(1) 영유아, 어린이, 임산부 및 수유부는 섭취를 피할 것
(2) 특정질환(알레르기 체질 등)이 있는 분은 섭취에 주의할 것
(3) 이상사례 발생 시 섭취를 중단하고 전문가와 상담할 것","(국문) 노화로 인해 감소 될 수 있는 근력 유지에 도움을 줄 수 있음
(영문) May help to maintain muscle strength which can be affected by aging",1000,1000,mg/일,제2025-52호,리소스펌산(Lithospermic acid),20260102,20260102
나한과박추출분말(DKB131)(제2024-22호),"(1) 영·유아, 어린이, 임산부 및 수유부는 섭취를 피할 것
(2) 특정질환(알레르기 체질 등)이 있는 분은 섭취에 주의할 것
(3) 이상사례 발생 시 섭취를 중단하고 전문가와 상담할 것","(국문) 관절 건강에 도움을 줄 수 있음
(영문) May help to maintain healthy joint",1.5,1.5,g/일,제2024-22호,모그로사이드 V (Mogroside V),20260310,20260310
마키베리추출물(제2025-8호),"(1) 영유아, 어린이, 임산부 및 수유부는 섭취를 피할 것
(2) 특정질환(알레르기 체질 등)이 있는 분은 섭취에 주의할 것
(3) 이상사례 발생 시 섭취를 중단하고 전문가와 상담할 것
(4) 의약품(당뇨병 치료제, 항응고제, 항혈소판제 등) 복용 시 전문가와 상담할 것","(국문) 건조한 눈을 개선하여 눈 건강에 도움을 줄 수 있음
(영문) May help to maintain eyes healthy by relieving dryness",60,60,mg/일,제2025-8호,총 안토시아노사이드(Anthocyanosides),20260427,20260427
자색옥수수속대·포엽추출분말(제2026-18호),"(1) 영·유아, 어린이, 임산부 및 수유부는 섭취를 피할 것
(2) 특정질환(알레르기 체질 등)이 있는 분은 섭취에 주의할 것
(3) 이상사례 발생 시 섭취를 중단하고 전문가와 상담할 것","(국문) 건조한 눈을 개선하여 눈 건강에 도움을 줄 수 있음
(영문) May help to maintain eyes healthy by relieving dryness",500,500,mg/일,제2026-18호,시아니딘-3-글루코시드(Cyanidin-3-O-glucoside),20260701,20260701
하고초추출분말(제2026-21호),"(1) 영･유아, 어린이, 임산부 및 수유부는 섭취를 피할 것
(2) 특정질환(알레르기 체질 등)이 있는 분은 섭취에 주의할 것
(3) 이상사례 발생 시 섭취를 중단하고 전문가와 상담할 것","(국문) 전립선 건강의 유지에 도움을 줄 수 있음
(영문) May help to maintain prostate health",550,550,mg/일,제2026-21호,우르솔산(Ursolic acid),20260728,20260728
Lactococcus lactis subsp. lactis CAB701 프로바이오틱스(제2026-1호),"(1) 영·유아, 임산부 및 수유부는 섭취를 피할 것
(2) 특정질환(알레르기 체질 등)이 있거나 의약품 복용 시 전문가와 상담할 것
(3) 이상사례 발생 시 섭취를 중단하고 전문가와 상담할 것
(4) 어린이가 함부로 섭취하지 않도록 일일섭취량 방법을 지도할 것
(5) 알레르기 체질 등은 개인에 따라 과민반응을 나타낼 수 있음","(국문) 체지방 감소에 도움을 줄 수 있음
(영문) May help to reduce body fat",100000000000,100000000000,CFU,제2026-1호,프로바이오틱스 수,20260813,20260813
